name,age,street,city,state,zip,lng,lat
Ariel Castro,74,1480 Pruitt Pike,East Pamela,New Jersey,18492,125.770526,-18.635286
Andrew Porter,76,948 Cruz Meadow Suite 632,Port Jamestown,Wyoming,10638,153.963865,-1.3769915
Mark Christian,48,76735 Jackson Views Suite 695,New Randy,Indiana,66471,-56.425797,86.5032675
Jamie Berry,36,248 Brittany Falls Apt. 891,East Carrie,Pennsylvania,68395,-70.492317,-12.7886215
Bridget Moyer,39,6626 Kimberly Harbors Apt. 737,Ethanhaven,Virginia,70630,-20.545094,-7.7145325
Sean Hill,78,57531 Reid Bypass Apt. 998,South Christianside,Wisconsin,18747,167.129578,-33.428706
Christy Torres,38,8848 Bethany Falls Suite 074,Peterside,Kansas,47501,-89.236834,44.7939565
Christopher Evans,33,325 Mckenzie Crest Suite 742,Flemingmouth,Alabama,14249,147.173182,-40.538637
Laura Cobb,20,88512 Peters Crest Suite 713,North Joseph,South Dakota,94243,-23.614416,-47.0278275
Rebecca Alvarez,19,24240 Cole Glens Suite 263,East Jose,Kentucky,31550,153.299917,20.737902
John Mccarthy,23,7127 Lawrence Wall Apt. 183,Wrightburgh,Missouri,36956,147.345230,44.9867315
Ronald Costa,25,08705 Miller Island Suite 158,Kelleymouth,Texas,54765,76.125959,52.9626665
Samantha Martin,21,472 Michael Orchard Suite 503,North Davidborough,Delaware,66048,-20.025576,14.4035725
Terri Allen,78,36192 Lopez Hill Apt. 591,Ortizmouth,Maine,24748,95.758830,52.241745
Shannon Munoz,70,603 Ewing Trail Suite 752,Rayport,North Carolina,05071,-144.131025,28.340151
Michael Huang,71,0415 Solis Loaf Suite 127,Jameston,Idaho,10076,-98.002001,24.5332015
Michael Flowers,61,0225 Hodges Shore Apt. 962,Jonesside,Wisconsin,00822,-59.409623,13.438881
Christopher Gibson,69,4692 Holland Trafficway Apt. 522,Timothyborough,Florida,11114,65.048550,-6.5690965
Kevin Bates,27,54818 Emily Circles,North Jillianview,North Carolina,34242,-3.371709,12.9853195
Antonio Leon,66,385 Day Stream Apt. 202,North Amandaberg,Virginia,99296,-136.790391,-86.472012
Joann Lloyd,28,9920 Lisa Trail,West Elizabeth,West Virginia,16855,-91.196162,-45.7635975
Michael Martinez,70,56334 Brenda Pine,Parkshire,Tennessee,27448,-52.152979,-27.110766
Melanie Hurst,50,834 Hart Glens Suite 881,Valerieshire,Louisiana,97812,-115.996096,-66.272061
David Wong,58,45347 Ashley Dale,New Christinafort,North Dakota,04073,69.151743,-78.203093
Anthony Williams,67,983 Michaela Pine,Sandrabury,Colorado,04004,76.887590,59.2391745
Michael Diaz,73,0392 Brown View,Michelleview,Oregon,57535,85.672377,-70.9665265
Miss Gabriella Harrington,63,51928 Hughes Fork,South Jamesstad,West Virginia,57640,-35.371668,-50.461409
Mark Pratt,23,95670 Young Square Apt. 239,Barkerstad,Vermont,52499,-41.495430,-77.7489355
Christopher Heath,46,589 Ricky Ways,Port Jessica,Nebraska,53238,-170.140977,-86.028659
Christopher West,49,5995 Samantha Ports Suite 475,Connorborough,Arizona,24894,164.913934,-76.7966755
Gary Clark,30,9072 Carla Valley Suite 657,Sheilaview,Minnesota,26053,-68.794160,65.6554025
Morgan Rojas,74,990 Hoffman Passage,Schwartzhaven,Massachusetts,92676,88.827791,32.803526
Karen Stewart,67,86450 Charles Flats,East Nathanville,South Dakota,33828,77.623427,-89.687817
Anna Harrington,28,162 Myers Circles,East Nicholaschester,Montana,76296,172.874363,36.0419035
Christopher Johnson,42,48087 Reeves Mews Apt. 296,Leeberg,Minnesota,79866,-150.604912,23.849664
Tonya Gray,35,742 Theresa Isle Suite 883,New Shawntown,Virginia,11697,-136.341674,-6.651601
Christine Blackburn,70,1748 Cynthia Port Apt. 860,South Robertberg,Vermont,54690,20.933063,7.1983345
Tyler Mann,23,8572 Jeffrey Points,Sarahview,Pennsylvania,34116,-88.420680,-21.6451005
Crystal Tate,32,59865 Mark Rest,Lake Susan,Alaska,99030,90.661104,19.710125
Andrew Pham,36,8224 John Hill Suite 951,East Brianview,Delaware,06297,67.557875,-25.2018395
Alexander Nguyen,71,137 Cody Landing Suite 124,Port Melanie,Maine,37109,-127.613111,-53.040824
Austin Mclaughlin,72,583 Miller Loaf Apt. 999,Walkerhaven,Oregon,20032,-64.511028,-63.911333
Alicia Bowman,27,79912 Brown Ways Apt. 749,West Reginamouth,Illinois,75713,-78.892074,47.5601895
David Roberts,51,40281 Ballard Summit,East Taylortown,Vermont,40353,-144.323687,58.319267
Brittney Adams,61,3012 Richard Crossroad Suite 893,Heatherton,Vermont,02062,-76.989177,17.6920225
Frank Davis,77,5751 Jason Radial,Elizabethmouth,Texas,96197,88.830021,24.520812
Rodney Jones,55,82155 Hawkins Light Suite 112,North Shirley,Vermont,52606,29.011410,-80.768274
Scott Hooper,76,47215 Tyler Knolls,West Meaganshire,New Hampshire,02714,-34.747031,-43.7112705
Paul Alexander,75,509 Lambert Creek,Quinnchester,Wyoming,28803,64.240370,-31.893145
Martin Stone,37,75346 Ellis Neck Suite 627,Port Jose,New Hampshire,61900,83.617356,-22.586421
Mark Mason,60,4288 Hanson Valley Apt. 805,Cameronchester,Idaho,35778,17.827781,10.6204055
Kenneth Anderson,21,796 Ashley Trail Apt. 633,Port Thomas,Indiana,86568,147.482933,62.9332625
Adam Smith,67,2580 Bryan Centers,Port Shannon,Utah,13162,134.159708,-7.923419
Amanda Beard,21,080 Flynn Lodge,North James,North Dakota,28102,64.024213,80.305938
Johnny Chung,45,2469 Seth Rest,East Paulport,South Dakota,86316,80.096510,-9.8744965
Jose Morris DVM,38,96711 Sabrina Loop,Marshallfort,Georgia,64337,150.584284,-21.138193
Timothy Huff,54,9276 Amber Via,Snowtown,California,58072,42.886121,58.0925845
Brian Baker,33,689 Lopez Crossroad,West Steven,Utah,14553,5.190929,-43.158484
John Burke,34,451 Pierce Junctions,South Toni,Pennsylvania,44461,165.196713,29.331547
David Blevins,40,98568 Thompson Pass,New Kenneth,Louisiana,72590,179.715787,-50.098764
Dean King,39,55214 Anthony Brook,South April,Wisconsin,23186,30.362468,-82.8526815
Jean Smith,70,2837 Howell Roads Apt. 343,Thompsonberg,Alabama,53360,-6.516454,5.460670
Kurt Harris,77,9762 Elizabeth Key,New Lindseyfort,North Dakota,11380,-75.781167,88.5749345
Elizabeth Brown,72,5691 Hale Highway Suite 504,Rodriguezstad,Rhode Island,46752,-111.750257,83.3554805
Christine Gonzales,22,44350 Walters Divide,East Laura,Vermont,55232,-67.995981,37.3140465
Brenda Lambert,35,7626 Moore Harbors Apt. 083,Masonport,Oregon,64549,-176.618873,70.003707
Heather Baker MD,42,5013 Grimes Walks Apt. 407,Dickersonport,South Dakota,92874,-76.224571,77.293378
Angela Green,78,8468 Richards Square Apt. 156,Port Rodneyburgh,California,19203,-92.183775,-53.199386
Rebecca Collins,74,831 Bianca Freeway Apt. 313,New Megan,Nebraska,75866,-75.100383,-55.352723
Karen Walter,47,482 Martinez Street,Lake Emilyfort,Tennessee,41148,-102.985002,-63.617832
Sarah Quinn,59,04210 Bryant Cove Apt. 086,Tiffanyfort,Oregon,09854,-51.464308,-7.3114545
Samuel Boyd,60,3428 Joan Cliff,Juliehaven,Pennsylvania,95626,-143.658794,59.064773
Sarah Pacheco,67,4394 Evan Fork,Jonesbury,New Hampshire,88096,-104.035213,-37.1899495
Donna Crawford,31,71589 Kennedy Island Suite 041,North Anthony,Illinois,95302,30.331531,55.581463
Ryan Stewart,24,972 Hill Isle Suite 938,Nicholashaven,North Dakota,30018,117.681971,55.892628
Margaret White,40,65466 April Vista,Torrestown,Connecticut,41161,86.256798,-25.4062155
Julia Owen,31,39841 Ramirez Keys Apt. 157,Paulland,South Dakota,69478,13.258739,-53.192745
Melinda Brown,77,389 Alexandra Centers,West Seth,Oklahoma,24612,-108.833021,-65.785410
Diane Hughes,79,17336 Melissa Inlet,New Scott,Connecticut,70282,60.539558,-61.832390
Michael Hawkins,33,02183 Jose Walk Suite 288,Tanyaton,Kentucky,34677,-37.352365,-83.667029
John Collins,31,665 Bell Square,New Richard,New Hampshire,22532,-105.123227,4.812057
Andrew Wilson,50,454 Andrea Way,Kentport,Wisconsin,46052,-56.716383,61.8089855
Wesley Benjamin,57,260 Adam Fall,South Colinside,Texas,41317,175.947173,58.5474035
Julie Edwards MD,52,4187 Ellis Walks,New Nathanborough,North Carolina,42547,-137.739154,41.8914865
Steven Smith,27,69461 John Gateway,Edwardsview,Connecticut,34485,108.513406,-59.783570
Hunter Vega,58,257 Cardenas Estate,Lake Frankhaven,Florida,53797,88.599623,28.950883
Stacie Townsend,62,8118 Green Common Apt. 730,West William,Colorado,52483,-145.319374,-75.3756095
Kristin Jimenez MD,68,4093 Roberts Locks Apt. 883,Gregorybury,Arizona,37178,58.437432,-51.100268
Dawn Aguirre,39,42576 Kevin Forges,Lake Jenniferberg,Delaware,96838,-166.781649,-60.423594
Robert Turner,35,6938 Joshua Rue Suite 409,Brendaview,Texas,17052,-157.658901,-70.687794
Rachel Gibson,33,7336 Morales Mountain,Port Josephberg,Massachusetts,15637,155.706679,-61.1822285
Patricia Goodman,34,62922 Smith Mountains Apt. 542,Hardinfurt,Georgia,59187,-16.843805,63.673439
John Gentry,31,63629 Cunningham Hollow,New Jessica,Louisiana,89421,72.291597,-39.166843
Michael Neal,77,07061 Angel Plaza,Pageville,North Dakota,26781,-116.894404,-8.6325415
Dennis Smith,74,8597 Smith Lock,Leslieport,Michigan,62724,52.809550,-14.8199115
Alexandra Higgins,58,6123 Gallagher Path,New Williamtown,Louisiana,28313,70.552393,21.3989365
Cheryl Grant,76,225 Gonzalez Burgs Suite 285,Jostad,Illinois,75833,6.437414,-58.209784
Dr. Jessica Rodriguez,25,114 Nelson Ferry Suite 502,West Eric,South Carolina,07038,5.147807,2.3536835
Lisa Parsons,56,2235 Velez Springs,South Aaron,Oklahoma,14065,-28.736901,-1.8739205
Erin Smith,36,47087 Heidi Cape Suite 774,Clayton,Georgia,17461,-71.891661,21.010505
Ryan Norris,19,220 Todd Way,Rebeccabury,Mississippi,40189,11.291130,-51.412341
Luis Webb,62,167 Alicia Lights Apt. 652,Zhangville,New York,45107,-23.077774,82.7538135
Scott Brooks,57,96155 Martinez Tunnel Apt. 903,South Alex,Nebraska,37256,160.360681,66.498396
Kevin Miller,37,93829 Carol Corner,Lake Kim,Wisconsin,00815,-174.244826,88.5184495
Hannah Rodriguez,58,9733 Carson Tunnel,Reneeville,Maryland,19372,-11.913170,-75.8872615
Tiffany Roach,63,22651 Peck Falls Suite 289,Lake Glenda,Maine,19976,107.435486,-10.3635455
Roberta Carlson,24,039 Russell Keys Apt. 045,West Ryan,South Dakota,21083,57.627224,-5.4276085
Cynthia Bartlett,57,249 Cindy Springs Apt. 060,Camachotown,Kansas,54412,-3.233823,40.8042885
Timothy Joseph,58,02803 Cody Roads,South Melissa,Texas,21566,-97.572396,-31.754081
Joseph Lucas,63,364 Griffith Squares Apt. 521,West Andrewchester,Maryland,03020,-25.034801,16.791873
Matthew James,63,311 Sarah Viaduct Apt. 836,South Karenshire,Delaware,06268,61.895980,4.002557
Monica Barker,38,81690 Evans Rapid,New Jessicafurt,Mississippi,84590,-69.437022,-4.5257895
Anne Walker,50,9431 Erika Branch,Priceshire,Vermont,19383,27.867565,64.0558685
Jose Medina,48,0237 Wade Spurs,Justinstad,Virginia,34441,152.957488,57.986919
Willie Baker,59,6322 Wayne Circle,Katherinebury,Michigan,53939,-24.272807,-3.6561395
Sheila Gross,31,09471 Thompson Corners,Angelicastad,Arizona,17710,-63.332180,-67.267471
Clarence Gibbs,33,473 Hayden Trafficway Apt. 396,Simmonschester,Colorado,53230,62.141810,41.6609525
Annette Walker,71,3333 Christina Landing Suite 943,Lake Patrickport,Delaware,29414,44.452769,-22.1495325
Angelica Graham,31,59923 Robin Islands Apt. 624,Samanthafurt,Colorado,87599,34.312675,-77.9171085
Steven Miller,40,64678 Mason Square Suite 314,New Michaelstad,Vermont,72161,94.919371,-13.9131065
Melissa Harris,29,24341 Sherri Forges,South Jacqueline,Florida,79781,1.307075,-78.2641355
Wesley Ashley,29,65261 Regina Mews Suite 837,West Kyleside,South Dakota,23754,31.382722,82.4584145
Andrew Marshall,73,889 Hernandez Oval,North Gregory,Illinois,80673,-139.920844,84.580729
Stephen Long,27,220 Rosales Shores Apt. 888,New Karen,North Dakota,89628,-104.346206,28.7220625
Gregory Fernandez,41,25591 Martinez Gardens Suite 741,West Hannah,Mississippi,19204,88.261635,70.913159
Heather Bailey,67,274 Green Fall Suite 778,West Matthewview,Texas,28925,151.754946,-76.695265
James Mccall,31,67915 Cooper Brooks Apt. 904,Williamview,Iowa,50629,6.717811,11.0071375
Steven Nelson,25,387 Mitchell Drives Suite 751,Cummingsville,Alabama,32402,49.926777,-18.2406935
Lauren Gordon,31,5050 Abigail Mount,East Russell,Maine,24923,110.712639,-85.160886
Tammy Austin,28,376 Andrews Isle Apt. 481,Smithland,Mississippi,64253,88.437937,31.3207025
Greg Holt,43,50797 Sharp Forest Suite 857,Toddbury,California,32644,-143.953218,-32.399390
Angela Peterson,37,52453 Madden Plaza Apt. 479,New Teresa,Utah,41243,87.962667,7.680532
Amanda Barrett,30,54315 John Coves,Port Jonathanfort,Iowa,52371,128.317139,41.0074145
Tanya Rogers,44,36870 Kevin Curve,East Kara,Missouri,05968,6.967435,51.308499
Stephanie Lam,24,4517 Moore Summit Suite 471,Andersonfort,Ohio,44374,-44.834504,-84.6803205
Brittany Fuller MD,32,39666 Frank Ridge Apt. 288,South Robertville,Kansas,04624,11.075342,31.2467055
Walter Rogers,42,16541 Lane Tunnel Suite 091,Anaburgh,North Carolina,44860,-138.908910,41.936784
Antonio Holden,68,5748 Timothy Forge Suite 559,Kathleenville,Virginia,68049,-174.896625,14.129110
Mr. Victor Perez,72,47311 Anna Radial Suite 096,West Jeffrey,New York,87509,87.973544,76.680350
Christine Rodriguez,36,8918 Sanchez Lakes Suite 601,Albertton,North Carolina,52380,57.673846,47.8836325
Anna Roberts,54,4569 Lisa Flats,Lake Marcia,Massachusetts,41747,-7.325483,79.980085
Brian Preston,20,443 Wright Drive,New Taylor,Missouri,92946,81.010568,21.075048
Richard Anderson,59,1892 Benjamin Isle,Lake Karen,Vermont,65105,27.200887,-58.5110155
Mark Hughes,79,702 Dakota Oval Suite 755,Armstrongtown,Virginia,54512,-153.248414,-67.361296
Dennis Webb,27,175 Jade Highway Suite 653,Vanessamouth,Tennessee,55820,-35.691524,27.3007525
Caleb Garner,49,46000 Jones Village Apt. 308,West Anatown,Maryland,55586,29.331480,-47.1190185
Jennifer Lester,59,05686 Powell Drive,West Steven,Massachusetts,66581,-123.274604,50.136654
Joshua Harris,67,6955 Rodriguez Grove,Sawyerborough,Montana,02335,-156.651785,-89.513156
Rick Harrison,39,8472 Hill Spur,Lake Jennifer,Kansas,66301,-75.093247,-13.025361
Eric Pena,62,610 Gibson Run Suite 599,Paulberg,Connecticut,13475,16.257724,-77.6359595
Amber Boyle,55,8825 Melissa Brook Suite 283,Carolchester,North Dakota,67189,-65.197424,-70.7658955
Mark Maddox,76,26232 Hicks Hills Suite 284,Mcconnellside,South Dakota,99278,-113.578854,-68.489932
Jason Taylor,62,0222 Chapman Trace,West Ericmouth,Vermont,54385,-112.937656,-59.7802595
Mrs. Heather Schwartz,70,92474 Elizabeth Village Suite 999,Jessicahaven,South Dakota,62526,130.405024,-53.200733
Andrew Crawford,25,17050 Anthony Vista Apt. 540,Port Jamesbury,Vermont,14121,140.550960,-61.1878785
Matthew Wilkerson,68,3626 Harmon Manors,Lake Tracy,Florida,08740,124.407670,31.745360
Katie Yoder,54,374 Sandra Run Suite 516,West Danielle,South Dakota,78555,9.799728,39.6316485
Carlos Harvey,25,662 Rebecca Summit,New Holly,Virginia,23206,-143.294946,-85.6851615
Benjamin Young,35,53728 Lewis Crest Apt. 728,East Melissaland,Massachusetts,88649,44.494485,5.0110715
Megan Dillon,48,93612 Jones Oval,New Antonio,Alabama,85593,145.011910,-89.582307
Sarah Brady,76,29808 Stephen Pine,South Jessica,Kansas,49577,-119.127399,79.8367245
Thomas Williams,59,376 Nicole Mews Suite 105,Anthonyberg,South Dakota,83156,-77.374270,85.4854545
Eduardo Walton,57,98775 Phillip Point,South Martinborough,California,29024,111.947306,-15.4860185
Jeffery Washington,42,7221 Archer Drives Apt. 273,South Brent,Pennsylvania,32795,-142.101087,4.526961
Sophia Mcdonald,59,50512 Wiley Wall,Smithmouth,West Virginia,17174,126.902154,-20.8673805
Andrew Carey,74,493 Alexis Glen Apt. 739,Ortizhaven,Illinois,58839,178.084275,54.762735
Karen Fisher,55,866 Cheryl Manor,Bryanthaven,Michigan,08348,-154.995896,39.830684
Adam Jensen,23,68953 Hicks Fields Suite 990,New Larryfort,New Jersey,22128,160.868843,-18.453555
Russell Becker,56,781 Anderson Parkways,Catherineborough,Minnesota,31217,75.078522,-21.4814275
Carl Daugherty,73,6140 Mcbride Island,Schroederside,Georgia,63878,-48.919254,-12.962196
William Wolf,29,5742 Michael Lane Apt. 767,West Matthewtown,Montana,03849,-112.870339,-46.988249
Erica Gonzalez,59,0264 Nicole Dale,Lake Jenniferville,Washington,88220,27.801864,81.7419745
Karen Wilson,79,42966 Hanna Well Suite 683,South Derekmouth,South Carolina,95987,-2.190495,39.7871445
Gregory Ford,57,0196 Perez Parkway,Smithfort,South Dakota,47415,-90.676553,20.817420
Robert Hayes,26,369 Lara Trafficway Suite 486,Christopherhaven,Montana,82224,-52.641270,-47.7195245
Jonathan Brown,73,9472 Shannon Crescent,South Alexandermouth,Connecticut,80013,-156.707245,-69.938070
Amanda Mccormick,42,3700 Deleon Freeway,Lake Christopherport,New York,60496,-96.197758,-71.0052135
Cynthia Wyatt,43,225 Smith Springs,West Brandonchester,Idaho,29979,105.660301,-86.5929255
Collin Johnson,35,966 Michelle Forest,Ericview,Mississippi,24621,106.881921,-25.2383675
Mr. Matthew Frazier DDS,18,421 Lindsay Parkways,New Hannahfort,Texas,94725,-159.089662,66.346060
Troy Perez,46,39050 Marsh Isle,Leebury,Connecticut,51815,147.671982,16.2466915
Kyle Lopez,54,78722 Walters Prairie,Lake Josephland,Maine,57125,-22.993661,-52.3692935
Michelle Contreras,78,246 King Meadows,Gregorybury,Oklahoma,09137,-124.936592,-27.4225445
Brian Carter,76,0562 Hart Glen,Barbaraview,Massachusetts,93424,103.113962,11.977305
Brittany Maldonado,56,4299 Wood Cove Suite 114,Port Donald,Kansas,57771,-149.085353,61.079617
Michael Adkins,57,1168 Christopher Ramp Apt. 209,Garzatown,Arizona,47121,-74.939640,12.562265
Charles Davis,22,13009 Lewis Overpass,Angelaborough,Maine,50631,173.740378,-70.300543
Christian Smith,22,51574 Warren Hills Suite 037,Smithburgh,Vermont,90824,110.630846,37.5645285
Donald Curry,53,47425 Amy Mall,South Maria,Connecticut,15239,147.800032,34.429011
Jennifer Hart,59,204 Lisa Springs Suite 716,Wallschester,Georgia,60045,-119.299721,86.525790
Diana Wyatt,60,26077 Kelly Ford,Booneside,Wyoming,21530,119.760381,-48.9434065
Carl Bryant,34,1861 Peggy Mountain Suite 953,New Jenniferbury,New Jersey,29218,95.686806,41.406535
Douglas Barr,69,476 Jeffrey Village Apt. 236,Crystalville,New Hampshire,80849,-69.152498,-71.564998
Douglas Kerr,63,4832 Rios Expressway,South Chase,Arizona,70733,7.651483,80.817892
Christopher Lee,54,24618 Phillips Forest Apt. 676,Robertport,Minnesota,39541,-19.993530,63.9345585
Karen Bell,64,64148 Hughes Ridge,Lake Phillip,Missouri,08212,33.574042,18.0934225
Dr. Destiny Allen,79,7687 Melinda Heights Apt. 118,Baileyburgh,Nevada,90573,-12.430770,72.4301805
Kelly Scott,27,5969 Theodore Mount,Davisshire,Florida,16840,109.366196,-9.9386485
Jeffrey Stanley,67,49222 Angela Fords Apt. 362,Samanthaside,Nevada,92263,91.309419,-22.388999
John Tyler,26,9682 Johnson Unions Apt. 508,New Melanieview,Missouri,19000,141.188955,-64.6374285
Joshua Marsh,69,66722 Alexander Cape Suite 270,Leonbury,Florida,60072,-178.730208,80.322353
Robyn Norman,80,5220 Gregory Groves Suite 623,North Jeffreyton,Tennessee,40783,-104.423659,44.4788585
Jonathan Cook,23,265 Morris Divide,New Cindyfort,South Carolina,88863,-46.578917,-18.3889595
Rita Salinas,39,7787 Ian Extensions,South Phillip,Illinois,26525,9.330862,22.2606725
Alexandra Schwartz,23,87491 Douglas Coves,Dawnland,Michigan,60666,139.328411,55.1568745
Lance Morrison,27,18886 Carolyn Village Suite 270,East Patriciatown,Connecticut,57715,-75.216147,-73.3934015
Cheryl Castaneda,51,3269 Riley Key,Cassandraport,North Dakota,43448,-57.080354,-33.0435735
Gabriella Chang,50,595 Vazquez Keys,Kristinashire,Texas,09659,-159.587408,-57.899883
Carol Thompson,65,91949 Jeremy Inlet,Littleport,Iowa,53012,-131.137387,62.987607
Javier Doyle,42,6392 Hernandez Branch,East Andrew,Kentucky,03622,2.125926,-19.0271525
Jennifer Kane,31,2813 White Cliff Apt. 283,Richardsonfort,Washington,22238,23.095071,-35.6720665
Marissa Garcia,43,12110 Johnson Fall Suite 615,Ruizborough,Oklahoma,84504,35.776776,-60.806198
Jennifer Martinez,80,843 Bradley Forest Suite 311,Alexisland,Arizona,17969,41.619629,-7.098090
Mary Hanson,59,556 Robles Key,North Kristine,Maine,58971,-71.459201,-62.742150
Casey Smith,76,1472 Oneill Rapid,Kimberlyhaven,South Dakota,55592,-23.771042,72.984918
Dawn Green,27,712 Andrew Port Apt. 606,Stricklandport,North Dakota,32002,-26.592799,-85.9879545
Breanna Brown,36,76455 Quinn Cliffs,New Erik,Arkansas,05193,55.269350,-74.7018755
David Holloway,24,003 Mary Drives,Port Michael,Nebraska,79236,-112.036372,-31.361645
Steven Morton,55,8012 Potter Islands,South Brianfurt,Idaho,80432,178.177217,19.013890
Mario Horn,59,531 Jennifer Streets Suite 752,North Stevenmouth,Montana,68878,-81.754660,12.4609625
Amber Ramirez,56,950 Johnson Pike,Port Cindy,North Carolina,52234,35.815771,46.2244885
Nicole Medina,79,17455 William Burg Apt. 487,Jacksontown,Oklahoma,97547,35.934169,-0.741292
Ashley Brown,72,84893 Scott Turnpike,New Jason,Nevada,28209,-65.272250,37.594811
Sean Gonzalez,72,4682 Bell Vista Suite 521,Port Denisebury,Michigan,67059,115.541231,-6.317464
Michael Nunez,39,2988 Susan Corners Suite 377,Micheleport,Georgia,84548,160.766011,-19.3389035
George Chavez,56,611 Angela Cape,East Logantown,Arizona,84757,71.864448,63.9457535
Christian Boyd,26,530 Christopher Crossing,Kimberlyfurt,New York,20173,95.408752,-44.085435
Donald Anderson,67,704 Hill Unions Apt. 042,South Jessica,New York,66752,113.526523,-32.5841125
Luis Nichols,52,1403 Jordan Haven,Ericshire,Alabama,26139,44.098562,-2.604412
Kelly Burgess,74,164 Harrington River Apt. 821,Castillochester,Virginia,77428,-147.283208,-39.6295585
Bryan Oliver,51,368 John Fall Suite 546,East Gabrielleshire,Pennsylvania,75822,27.896347,-45.460430
Teresa Phelps,75,1402 Smith Fort Apt. 611,Karinaberg,Tennessee,82420,116.574421,-65.904642
William Garza,19,07897 Gill Manors,Port Amyhaven,West Virginia,71921,-174.665444,58.354128
Kristen Rice,75,033 Eric Keys Suite 470,New Joanne,Louisiana,97663,151.667052,-82.3812765
Tiffany Hardin,65,018 Vanessa Drives Suite 879,North Meghanland,Missouri,36404,177.146606,-45.2261995
Chelsea Watson,62,143 Andrew Station,South Richard,Oregon,19420,95.105776,89.186850
Christopher Stephens,66,34720 Baker Roads,West Michael,California,11407,-163.277260,-61.212863
Mitchell Daniels,18,443 Crystal Mount Suite 469,Lake Dennisside,Oklahoma,94369,-106.211751,-0.1367035
Erin Rice,42,793 Dylan Spur,Roblesborough,Alaska,96641,-136.509937,-51.709522
Barbara Lawrence,51,080 Moore Flat Apt. 254,Meltonview,North Dakota,34980,-80.893629,38.0543065
Joshua Long,45,2669 Sharon Lane Apt. 540,South Evan,West Virginia,69716,-87.467221,-41.4756175
Renee Bolton,64,7937 Dawson Fields,Mcdonaldland,Kansas,19097,125.995769,62.850899
Brian Dorsey,58,8100 Bowman Loop,East Patrickmouth,Texas,43978,-81.790451,-82.512449
Nicholas Wilcox,37,410 James Loop Apt. 267,East Stephenberg,Idaho,51581,-36.100320,-38.5570135
Dawn Moreno,36,36425 Frederick Trail Suite 276,Hughesbury,Delaware,42919,49.689937,45.665013
Raven Thompson,21,17552 Martinez Isle Suite 976,Christopherview,Alabama,37953,-172.036054,-12.3376225
Brandy Walton,40,9684 Cole Court Apt. 857,Tranhaven,Pennsylvania,49852,25.417008,-14.1595275
Shannon Simmons,34,636 Joseph Falls,Lake Stacy,Montana,20205,-141.768872,88.024258
Betty Shannon,37,104 Annette Lakes,Kiddfurt,North Dakota,43848,3.105860,-74.356631
Jeffrey Carey,38,9327 Ryan Mountain,Walshport,Mississippi,04688,-89.673625,-13.9251695
John Butler,22,09083 Osborne Forest,Millershire,Indiana,63080,99.851068,-18.3507395
Martha Hall,42,7272 William Drives,Huangfurt,Missouri,03648,112.028342,31.923206
Mark Brennan,68,36980 Bradley Well,West Gerald,Iowa,88407,-86.413559,5.9277655
Sarah Hartman,24,8656 Thomas Ports,North Juliebury,Kentucky,25729,96.363201,-5.194156
Sean Gross,60,17509 Andrade Circle Suite 129,Laurafurt,Nebraska,62252,-17.781293,-0.816953
Kristin Cook,28,816 Michael Cove,Lake Gabrielshire,New Hampshire,14417,42.506405,-12.4039495
Barbara Mcknight,46,1101 Peterson Motorway,Ponceshire,Missouri,85969,81.630423,47.031600
Mrs. Amanda Rush,56,81729 Reynolds Skyway,South Susan,Maryland,38565,-109.930097,11.529457
Jordan Gamble,72,773 Sullivan Turnpike,Johnstonville,Oregon,74178,-15.048697,78.9431855
Christina Williams,51,550 Graves Port,Angelborough,Nebraska,12155,66.372561,-43.316384
Michelle Thomas,42,6700 Diana Spur,Taylorfurt,Louisiana,37443,-79.740921,-45.9371305
Michael Sanchez,64,7949 Simon Groves Suite 339,Ashleychester,Tennessee,33310,47.615658,-83.788866
Matthew Pham,77,9275 Brian Port,Owenshaven,Rhode Island,47243,129.021245,55.0014515
Ruth Perez,67,38391 Tucker Points,Glovershire,New Mexico,85021,20.776552,-74.7643505
Adam Esparza,42,95365 Chelsey Junction Suite 944,New Scottstad,California,69910,129.461222,29.789274
Angelica Castillo,41,0802 Hayes Land Apt. 202,Port Danielshire,South Dakota,87219,167.892774,-76.928700
Danielle Welch,27,441 Brian Stream,Rileyfurt,Delaware,29852,-179.187982,-23.7748295
Michael Cook,61,762 Kelly Prairie,Sarahfort,Mississippi,57140,-105.816795,72.4760265
Christopher Gomez,57,974 Morgan Court,West Johntown,Oregon,42508,-22.874593,63.7846965
Amanda Rangel,20,3851 Johnston Islands,Sullivanside,Missouri,81682,-138.401540,-2.3119635
Richard Cooper,49,3815 Jones Overpass Suite 894,West Ronaldborough,Maryland,57775,-60.748358,72.0678465
Roberto Carson,21,1937 Murphy Stream,New Donnaville,Tennessee,42465,-69.643120,-15.502506
Rachel Rivera,27,7769 Victoria Tunnel,New Jonathanberg,Hawaii,89581,59.970378,44.1022365
Dawn Cooper,61,689 Porter Cove,Lake Saraburgh,Ohio,69294,38.495512,-19.9177045
Kara Conrad,79,3248 Martinez Stream,West Karen,North Dakota,79796,-155.833727,14.532618
Christina Bell,73,059 Colon Cliff,Escobarfurt,West Virginia,69833,14.460525,-10.588205
Robert Davis,58,826 Johnson Lakes Suite 959,South Louisside,South Carolina,05603,84.628261,-60.890566
Robert Tyler,74,09226 Daniel Shore,North Maryland,Oklahoma,53499,98.001394,-1.562472
Peter Hall,48,2551 Meza Island,West Matthewstad,New Jersey,27995,85.792991,34.6773765
Kelly Orozco,68,55624 Fitzgerald Causeway Apt. 152,Popefort,Virginia,37144,21.552971,-54.574840
Sharon Boone,64,95570 Simpson Parkway Suite 966,North Dawn,Vermont,25052,86.370651,33.1547385
William Abbott,41,59729 Baker Plain Apt. 985,Penningtonmouth,North Dakota,49974,-4.577700,12.8038345
Tonya Hicks,60,2542 Garrett Centers Apt. 317,Baileyview,New Jersey,28818,-142.073770,78.8236875
Jason Rivera,73,86867 Moreno Parkways,Robinsontown,Pennsylvania,11218,-85.368269,29.297793
John Tucker,44,6301 Lowe Street Apt. 255,East Rogerberg,Colorado,45990,-106.395484,-14.7248755
Jonathan Bailey,77,779 David Gateway,Jeremyville,Indiana,58681,-177.915172,-8.956722
Douglas Dixon,25,299 Edward Well Apt. 641,West Ryan,Missouri,60570,-35.065679,63.4543885
Adam Marquez,65,3037 Anthony Vista Suite 378,South Kimberlychester,Oklahoma,82219,150.354854,21.7927705
Rebecca Martinez,41,48440 Michelle Groves,Kimberlyview,West Virginia,10271,148.489520,12.119049
Charles Villarreal,64,3507 Dyer Tunnel,Port Christinamouth,Indiana,24010,135.475550,25.774959
Carolyn Pace,65,20135 Frank Hill Apt. 449,Lake Jeffreyview,Indiana,71822,179.816707,-75.455802
Kimberly Hughes,80,836 Jamie Hill,South Kelly,Texas,13892,55.162417,43.705933
Andre Davis,29,7211 Heather Path Apt. 707,New Christinestad,South Carolina,80436,-92.643600,17.036877
Sharon Berry,43,48645 Clark Dam,Changmouth,South Carolina,80353,55.878833,-11.1815315
Julie Faulkner,39,222 Lisa Points Apt. 627,Port Wesley,Alaska,83854,136.438722,58.721530
Gregory Aguirre,64,9828 Jim Skyway Apt. 735,Patrickside,Mississippi,81921,58.634920,46.6580075
Bethany Jones,58,360 Brittany Parkway Apt. 137,Joneshaven,Florida,29037,123.351777,13.911146
Sandra Williams,51,574 Deanna Route,North Alejandro,New York,93448,-118.799392,36.8330405
Ryan White,35,298 Mejia Trace Apt. 902,Reillymouth,Ohio,82704,-55.731588,34.829364
Steven Jackson,67,7618 Ross Burg Suite 491,Lake Derek,Wyoming,58428,78.358837,-68.560713
Peter Huff,35,04356 Johnson Walks Apt. 342,Port Deniseburgh,Missouri,58350,26.432259,48.109576
Cindy Moore,45,802 Garcia Rapid Suite 460,Port Ericport,Iowa,99656,-174.407536,85.222813
David Hernandez,46,2171 Kimberly Forest,Lake Krystal,Illinois,26480,135.305007,76.1199475
Regina Boyle,18,29159 Hutchinson Mountain Apt. 462,Edwardsberg,New Mexico,40557,175.119845,25.430283
Scott Odom,58,1268 Thomas Plains,North Kimberly,South Dakota,50992,123.112311,16.588897
Hunter Ramirez,43,2670 Stacy Ways,East Debrachester,Massachusetts,35293,54.427899,-21.851247
Gabrielle White,46,900 Jonathon Gateway Apt. 763,Juliatown,California,15598,-133.288562,43.2589075
Lindsey Jones,35,959 Angela Shore Apt. 309,Port Christine,New Mexico,20797,-48.844050,86.822583
Peter Boyle,42,6612 Jacobson Bridge Suite 933,Georgemouth,Washington,86003,6.159017,-14.996683
Mark Cook,42,1659 Medina Tunnel Suite 945,South Matthew,Missouri,89890,-14.141421,55.155339
Hunter Carter,37,638 Richard Walks Apt. 209,Morrisport,Delaware,63493,-134.009291,78.0016395
Jose Lucas,64,00792 Sarah Prairie,Riversside,Colorado,38070,-118.704884,-47.755565
Alan Wilson,37,95731 Fleming Mills Suite 427,North Deborahview,New York,31033,-71.428222,-7.496239
Jacob Bell,56,9790 Charles Rapid,Lake Rebecca,Rhode Island,21715,1.385014,-23.7320125
Brandon Santos,66,952 Patricia Village,East Marcfort,South Carolina,97292,120.993832,-66.1179155
Charles Benson,70,40375 Ana Neck Suite 595,New Benjamin,Kentucky,90635,-171.511720,-51.5104865
Brenda Parks,34,133 Janice Grove,Jonathanhaven,Kansas,44391,-84.482759,-56.342979
Melissa Adams,41,6920 Jessica Dale,East Matthew,Alaska,37355,115.419690,17.3114205
Shannon Galvan,53,6141 Barker Corners,Samanthaberg,Utah,11808,-59.092284,51.6376735
Eric Martinez,34,716 Griffin Ferry,Lake Troy,Illinois,10515,-69.892194,-10.485368
Andrew Griffin,34,2822 Brianna Greens,Lake Keith,Montana,03323,-84.240927,68.7950575
Gary Henderson,20,52395 Madison Hollow Apt. 202,Port Meganberg,Colorado,37327,-122.139416,68.513988
Madison Vargas,62,979 Daniel Row Suite 664,Teresahaven,Wisconsin,20035,151.246620,28.6708695
Megan Mitchell,55,739 Frederick Throughway Suite 790,Sullivanmouth,Illinois,85975,3.145034,-52.0271005
Christopher Wright,52,996 Mark Haven Suite 948,Rebeccamouth,Alaska,50765,-48.650938,-50.366089
Margaret Jacobson,78,627 Leah Parks,West Kimberlyshire,Florida,23725,18.807117,44.841958
Bonnie Young,74,455 Hall Junction Apt. 240,Evansmouth,Virginia,47232,-115.097263,76.3958605
Kathleen Hood,73,133 Gary Ports,Isabellafurt,Oklahoma,12999,157.528788,-58.045357
David Collins,19,16805 Wendy Springs,Rebeccaton,Kansas,46823,36.459649,44.8838355
Daniel Neal,74,8974 Cook Club,East Jayborough,Ohio,78789,-95.680756,-84.6651755
Holly Anderson,24,484 Elizabeth Village Suite 052,Grayville,Ohio,60227,39.828344,-88.614573
Carol Murphy,59,73967 Osborne Ranch Suite 318,Martinezberg,Rhode Island,44436,132.740583,-50.4983275
Thomas Mcintosh,64,66746 Kenneth Crescent Suite 779,Fernandezfurt,Oregon,86759,-40.302845,19.5298335
Omar Arnold,80,027 Walker Via Apt. 759,New Taylor,Illinois,51384,-97.230984,2.622743
Gregory Barr,65,0301 Shane Trace Suite 128,Garciabury,North Dakota,10437,-36.145389,15.5797205
Chelsea Elliott,79,86358 Kennedy Rapids,Lake Amymouth,Delaware,58398,74.773973,72.9493255
Roy Zamora,69,50343 Robert Ford Apt. 588,Lake Samantha,New Hampshire,71410,143.072731,-63.652925
Denise Williams,38,517 Jones Ferry,Atkinsonville,Kentucky,32052,71.620527,-18.077823
Mackenzie Cortez,29,82012 Vicki Isle,South Derrickhaven,South Dakota,91216,-133.320611,-4.327213
Harold Thompson,73,22954 Whitney Orchard Suite 544,Sandramouth,Maryland,76811,-138.208708,9.636457
Jennifer Peterson,62,6388 Mitchell Light Suite 140,Espinozastad,Tennessee,89906,45.392467,-43.682053
James Fisher,39,587 Jordan Square Apt. 909,Port Christopher,Rhode Island,36228,49.345934,27.680018
Allison Cowan,33,2445 White Passage Suite 137,Port Karenville,North Dakota,65959,-174.275558,62.785560
Thomas Santiago,51,9200 Maria Coves,Markshire,Tennessee,17347,107.717119,60.8049635
Alexander Boyer,27,569 Lisa Street Suite 237,Ericland,Nevada,56442,-52.303006,-65.9659035
Rebecca Garcia,41,5921 Russell Islands Suite 437,South Anthonymouth,Hawaii,58416,111.919428,24.682227
Gregory Dickson,61,322 Kim Brooks,Conwaymouth,Virginia,57799,-162.757101,-45.8213895
Douglas Banks,29,1018 Cristina Knolls Suite 525,Sandovalshire,Nebraska,78977,167.904972,63.2376765
Mark Austin,47,058 Jackson Canyon Suite 877,South Gregory,Pennsylvania,31504,160.982679,22.9633645
Jason Li,48,5627 Pearson Land Apt. 455,West Josephberg,South Carolina,23461,109.928048,66.8006275
Curtis Young,56,73560 Vicki Prairie Suite 918,South Brendashire,Virginia,78244,-101.919011,-60.8498595
Stacie Watson,48,20333 Stewart Plains,Dawsonborough,Utah,71064,155.812910,-27.080268
Sharon Ward,29,12775 Eric Curve,Christinestad,Alaska,92782,30.983151,-79.285007
George Smith Jr.,75,6765 Bethany Summit,North Mike,Maine,75173,39.665413,-44.1804435
Maria Stevens,79,78908 Kimberly Pine Apt. 096,Garciafort,Oklahoma,03798,-93.028241,69.4278115
Richard Yates,37,724 Thomas Crossroad,Susanchester,Georgia,09793,-76.766174,41.806761
Brian Smith,71,48757 Berger Islands,Taylorfort,Maryland,15611,-44.477567,74.177428
Susan Edwards,62,1258 Diana Park Apt. 947,North Andrea,North Dakota,73010,-154.535895,39.2737785
Katherine Sloan,78,69173 Davis Drives,Johnview,Virginia,13508,-26.196011,-67.7119675
Kristine Ayers,18,4493 Alison Highway Apt. 458,Richardville,Ohio,27128,136.590210,-60.4991285
Ryan Finley,41,709 Acevedo Underpass Apt. 711,Elizabethfort,Nebraska,00810,117.432951,2.5694195
Andrew Sutton,39,945 Tran Key Suite 632,Jonesland,Arizona,39278,-49.546859,30.4924315
Wanda Wu,79,8256 Church Plaza Suite 219,Sanchezport,Georgia,74483,68.776873,39.424283
Dr. Robert Bernard,29,00887 Benjamin Spur Apt. 719,West Evelyn,North Dakota,16052,107.326628,5.6146245
Kyle Hill,19,0746 Payne Highway,Port Timothy,Tennessee,24542,-59.354638,48.481569
James Tyler,63,0494 Jasmine Course,Port Ritaview,Arizona,74307,92.385401,-52.9633615
Melinda Davis,48,5850 Daniel Meadows Suite 468,Williamsville,Arkansas,47766,41.375630,-0.1034125
Susan Rodriguez,19,64222 James Squares,New Erikville,Oregon,48081,-83.310940,22.181311
Terry Fernandez,66,8675 Ryan Ridge,Lake Carrieton,Florida,90955,169.321352,-79.268364
Amy Russell,39,80525 Miller Club,Scottport,Idaho,89410,-19.261367,-22.4330485
Melissa Smith,68,72602 Cynthia Station Suite 651,East Stephanie,Georgia,30276,43.529595,30.728410
Michael Fields,33,7553 Matthew Junction,Port Johnberg,Massachusetts,35359,125.143571,10.202202
Michelle Smith,41,966 Parker Flats,West Ebonystad,Texas,62784,176.994144,24.779832
Erik Smith,20,0854 Orr Crossroad,Grahamfort,Wisconsin,88632,-49.486303,82.320337
Carolyn Scott,77,9813 Julie Village,New Victor,New Jersey,82377,-20.886629,1.1128725
Nicholas Rose,22,986 Lisa Points Apt. 461,South Johnside,Florida,28179,-15.937936,14.987474
Richard Spence,73,1311 Juan Valleys,Lake Robertview,Oklahoma,33186,-98.361406,-58.0338915
Jasmine Chavez,76,48461 Jeffrey Forges,West Karentown,North Dakota,44818,171.417800,85.7194025
Troy Martin,42,27802 John Rest Suite 601,Wardstad,Connecticut,31064,-29.252345,4.954090
Samantha Daugherty,36,5213 Martin Garden,Gordonburgh,New Hampshire,12093,-73.979533,-78.0922215
Luis Roberts,45,698 Harris Walk,Barbaraton,Vermont,77353,62.500116,75.4618195
Sarah Smith,77,933 Raymond Garden,Allenhaven,Kentucky,60522,20.036854,-85.647533
Stephanie Chandler,57,343 Diaz Divide Apt. 625,Port Samanthaborough,Delaware,06285,-52.060210,-42.322228
Mr. Angel Hernandez,25,32362 Powell Square,South Samanthaton,New Mexico,84458,-16.526689,-7.4651795
Kimberly Knox,65,94210 Chapman Forks,Greenestad,Alabama,13985,130.392793,-9.286669
Daniel Hughes,69,683 Carrie Common,Gordonburgh,Wyoming,46092,92.218239,-57.7611415
Angela Robles,57,71910 Vanessa Village,Cynthiachester,Nevada,61555,-2.956826,70.334519
Olivia Moreno,30,93493 Amanda Bridge Suite 408,Thomasmouth,Montana,11349,-65.981456,42.707835
Samantha Hayden,48,989 Reed Isle Suite 080,South Andrew,Alabama,54760,-76.126220,32.4689815
Michael Watson,39,700 Odonnell Forges,West Darryltown,Texas,63551,94.604009,-31.975726
Nicole Campbell,49,261 Thompson Cape,South Anthonyview,Ohio,96025,-127.703877,-63.095326
Thomas Holt,37,0351 Joseph Overpass,North Brandonchester,New Mexico,70701,-35.429983,73.453780
Stephanie Weber,66,67212 Shaun Springs,North Kaitlyn,Alabama,04271,-69.878525,73.546781
Alejandro Johnson,27,4941 Jennifer Skyway Suite 803,Coxville,West Virginia,90389,134.256961,-42.897256
Tamara Adams,71,463 Knight Shoals Suite 569,Port Roberttown,Hawaii,46900,-89.911327,54.954728
Craig Thomas,40,4372 Robert Junctions Suite 628,West Bryce,Texas,37867,126.346119,5.409209
William Thomas,43,3567 Brandon Flats Apt. 346,Anthonystad,Delaware,46590,-95.487174,-89.6856095
Samantha Peterson,80,278 Anderson Forges Suite 298,Gardnerchester,Pennsylvania,95675,-61.013546,47.7465455
Lynn Howard,51,32000 Hernandez Trail,Steeleland,Indiana,64338,177.582708,76.5170435
Kimberly Perez,58,5941 Wright Locks Apt. 454,East Brittanyton,Tennessee,84838,90.698278,71.3207285
Daniel Maxwell,22,30442 Amber Cliff,New Catherine,Vermont,95723,27.087836,-45.797521
Shannon Clay,27,5248 Blake Streets,South Michaelbury,Kentucky,47228,-0.669845,30.2947065
Eric Shannon,49,933 Jennifer Ways Suite 633,Pachecoton,Arkansas,55337,-77.707353,-67.003649
Diamond Johnson,53,792 Robert Turnpike Apt. 604,Douglasshire,North Dakota,34934,-8.658739,24.608434
Alex Lopez,20,4999 Simpson Creek Suite 886,North Emily,Illinois,49528,-63.273620,-57.947047
Steven Marsh,48,2826 Heather Fort Suite 155,Port James,Arkansas,69107,38.764233,-11.323537
Sarah Lopez,45,8922 Olson Ridges Apt. 039,Roberttown,West Virginia,34026,-102.128989,47.159015
Kathy Miller,23,03580 Harris Viaduct,Port Kimberly,Oklahoma,23152,-100.492828,-46.921599
Jason Walters,65,725 Hooper Stream Suite 403,West Derrickfort,Oregon,50678,85.896229,44.8219775
Judy Ward,41,1943 Sawyer Plains,East Cynthiastad,Nebraska,66998,-99.270171,40.4229245
Megan Park,36,983 Kimberly Loop,Katherineville,Wyoming,17787,13.537771,29.184945
Amanda Nguyen,59,135 Singh Summit,Kennedychester,Nebraska,10165,-79.464365,14.7537125
Travis Ayala,49,35538 Knight Squares,South Robin,California,16900,-159.010229,-49.6990465
Mrs. Ashley Welch,75,60410 Gomez Brooks,Scottmouth,Texas,33488,-12.450499,-88.9031945
Heidi Stanton,22,5102 Johnson Point,New Karenhaven,New Mexico,43614,-121.778798,-48.998092
Rebecca Carter,60,59156 David Stravenue,West Kirk,North Carolina,84320,61.864780,36.1199955
Morgan Brown,41,782 Cooley Ville,Gonzalesland,Iowa,84684,-44.246984,-2.909209
Amanda Bryant DVM,40,04840 Nicholas Ways Apt. 830,North Tamara,Iowa,45633,141.334826,-1.3443025
Paul Garcia,57,06152 Allen Lights Suite 135,Serranomouth,Nebraska,89165,7.098456,15.7987955
Brian Rose,18,74701 Gutierrez Avenue,New Oscarmouth,Michigan,36411,-174.956654,22.6813605
Lisa Brown,68,70636 Yang Overpass,Ashleyview,Wyoming,53004,157.817173,-12.1427635
Zachary Gentry,79,731 Christopher Freeway,Delacruzbury,Pennsylvania,81166,-33.406215,4.7280525
William Shaw,58,825 Butler Overpass Suite 849,Nathanburgh,Idaho,38208,149.425816,21.6381465
Jennifer Gilmore,43,79657 Vang Hills,New Robertmouth,Oklahoma,02597,118.290428,84.6155375
Vincent Brown,23,464 Moore Harbors,New Travisberg,Mississippi,28587,99.058033,-27.0457125
Matthew Fox,79,159 Hicks Cape Apt. 380,Thomastown,Wisconsin,82781,38.222993,-54.7376285
Dr. Angela Bell,28,9739 Archer Mission Suite 174,Vincentburgh,South Dakota,04741,-136.100751,-80.3968615
Gabrielle Fuentes,46,9739 Keith Forges Apt. 075,West Melissa,Arizona,28644,123.997907,-62.3057615
Gregory Payne,63,60353 David Ways Apt. 255,East Brittany,Indiana,79621,58.642774,68.0010235
Madison Thompson,64,565 Spencer Islands Apt. 056,South Patrick,New Hampshire,05125,123.803885,-40.9588505
Steve Henry,19,9026 Meredith Island Suite 973,Port Alice,Oklahoma,55924,-24.639295,60.0293305
Megan Parker,30,28687 Kathryn Plaza,Aimeeburgh,Michigan,19589,50.419440,-35.0491705
Bradley Diaz,76,9156 Thompson Haven Suite 324,North Kerri,Maine,59092,172.810175,79.857697
Shannon Flynn,54,55346 Walters Summit,New Christine,Tennessee,44476,-21.799834,-66.421144
Sarah Coleman,21,3624 Angela Cape Apt. 420,East Alex,Wyoming,68260,78.973349,70.8547645
Robert Cooper,38,835 Green Vista,Greenfort,Kansas,24745,62.078057,-58.837728
Mary Lawson,66,90972 Kayla Union Suite 106,New Davidberg,New York,34230,-10.051683,-87.4823255
Edward Hood,29,956 Frank Plains,Shannonmouth,Pennsylvania,46979,111.961794,-13.7383085
Connie Thompson,20,688 Jones Plaza,Troyfurt,New Jersey,17912,39.027020,69.017296
Daniel Smith,20,49123 Torres Ford,West Andrewhaven,Pennsylvania,84950,63.574927,-28.4084495
Gregory Fowler,32,138 Frye Port Apt. 815,Buckleybury,Wisconsin,88135,76.082448,17.6010835
Jason Valentine,41,9384 Alvarado Flat Apt. 074,Thomasfurt,Nevada,13542,74.470793,44.3946825
Donna Butler,46,60074 Kevin Course,South Joel,Connecticut,57007,-42.459663,38.996098
Nicholas Robinson,34,395 Mercedes Parkway,Derekborough,California,26836,114.329194,-85.945904
Rachel Moran,38,24113 Jones Cliffs Suite 058,Coleton,South Dakota,47638,-67.468408,-56.2100825
Matthew Stevens,47,933 Ariel Key,North Christopherfort,Kentucky,40510,-102.385354,1.3122615
April Fields,65,1669 Paul Throughway Apt. 332,North Andreachester,Virginia,54153,-116.285384,-45.9592165
John Ingram,58,29769 Steven Alley Apt. 861,Esparzafurt,Maryland,70838,-44.664447,-28.8999585
Krystal Jackson,27,7282 Carter Rue Suite 643,South Scott,Hawaii,01772,42.188256,26.457435
Juan Lopez,40,6641 Duke Lane Suite 328,South Christina,New Hampshire,97402,-28.188919,-17.4228675
Michelle Holden,44,16991 Jacqueline Squares Apt. 893,Harrisview,Arizona,76072,-106.441137,-81.5191725
Matthew Moore,37,89829 Susan Circle Suite 689,South Danielhaven,Missouri,71083,-114.418636,21.7454055
Kim Phillips,24,4096 Shannon Pike Apt. 294,Lake April,Mississippi,74217,34.565451,-88.8613195
Ronald Guzman,28,99515 Derek Stream,Erinville,Pennsylvania,13929,-108.106637,88.7801295
Natalie Ramirez,26,67093 Gibson Islands Apt. 025,Arellanoville,Montana,37269,-159.298223,86.5761325
Scott Bennett,54,79728 Matthews Causeway Suite 374,Port Elizabeth,Oklahoma,33234,45.834232,43.2659235
Dawn Oliver,70,672 Ortega Island,North Matthew,Mississippi,05752,-36.852008,21.381048
Cynthia George,59,30013 Rose Place Suite 393,West Bruce,Indiana,86077,158.726032,-15.7399275
David Hunter,48,342 Price Springs,Port Richard,Hawaii,05195,129.259043,-64.4616455
Lindsey Hicks,56,3549 Tran Hills Suite 615,Debbieview,New Mexico,93924,97.539318,34.216513
Derrick Jordan,36,5851 Hansen Glen,West Kristin,Iowa,59066,151.331298,11.2859225
Cody Hall,34,3260 Sparks Meadow,West Michael,Nebraska,76658,18.450055,-89.9361265
Lori Moran,64,752 Wallace Village,North Christianshire,South Dakota,71489,-112.743818,15.7071735
Amanda Miller,79,095 Ritter Springs Apt. 341,North Amandahaven,Kentucky,43735,-0.104429,80.8305835
Glenn Sanders,31,6809 Davis Lights,Lake Bryanhaven,Utah,75054,-156.415857,42.515901
Christian Brown,42,62611 Rush Ranch Suite 389,South Sheilahaven,Kentucky,64230,134.113534,-14.434809
Cindy Thomas,27,510 Christopher Shores,East Rodney,California,29116,63.182460,-29.987025
Brent Vazquez,21,6463 Ramos Brooks Apt. 144,Carneystad,New Mexico,73326,-7.427006,79.083900
Joshua Sparks,37,802 Ryan Parks,South Louis,Oregon,14817,76.363851,-42.628779
Margaret Skinner,34,83709 Deborah Ports Suite 701,Robertside,Nevada,64727,-51.200404,-25.0697685
Matthew Lamb,79,608 Clark Rapids,Nobleshire,Maine,51803,166.877933,-8.879356
Angela Prince,49,42476 Rogers Trafficway Apt. 662,Beverlyburgh,Michigan,66283,-116.695174,36.980006
Steven Barnett,30,77957 Bryan Grove Apt. 990,Davisview,Illinois,11540,71.450493,-66.879659
Lawrence Lewis DVM,75,42659 Patrick Ferry,Kimfurt,North Carolina,60926,-86.040020,-79.125734
Jacob Smith,79,21446 April Square,Michaelhaven,New Hampshire,81155,-154.040796,-29.699056
Derrick Perez,23,40630 Katie Center Suite 133,Donaldville,Pennsylvania,98376,173.531096,-14.9282355
Steven Vazquez,78,6595 Mack Creek,South Mario,Kansas,12992,178.975008,82.4652645
Caleb Beck,24,644 Stephanie Cliff,Williamsside,Delaware,55043,-62.155897,-85.6568495
Crystal Jimenez,44,580 Melissa Passage Apt. 269,Steventon,Wisconsin,79516,147.413135,-62.898200
Raymond Parker,31,7142 Amanda Road,Mitchellchester,North Dakota,84440,0.302147,-6.944255
Joshua Espinoza,69,0377 Brandon Plaza Suite 373,Howardville,Alabama,68703,70.173318,-16.950698
Timothy Wilkinson,42,394 Mathews Landing,Michelleville,Alabama,41184,129.562956,-4.5584135
Darius Hill,72,67336 Pamela Coves Suite 844,North Jesusville,North Carolina,14704,-61.579003,-74.6432095
Bobby Walsh,23,444 Gonzalez Mountain,South Brettshire,New Mexico,02541,148.503912,-7.4855685
Heather Graham,50,6127 Butler Glens,Dianemouth,Wyoming,87018,-135.547945,-58.714667
Taylor Martinez,60,9408 Diana Centers Apt. 207,New Anthonybury,Tennessee,12406,177.344867,25.653423
James Cole,65,28241 Green Crossing,Port Christinaview,Arkansas,42038,94.106918,54.8012165
Jordan Adams,38,1490 Jordan Spring,Brewerhaven,Connecticut,08521,-10.396057,17.5067425
Sandra Rice,69,42477 Donna Walks,Charlesmouth,Indiana,16430,-10.552613,12.0789095
David Sanders,56,2371 Jeffery Way,Port Hunter,Alabama,29157,140.322077,34.1187075
John Lamb,31,634 Ashley Dam,Valenzuelamouth,Texas,49824,37.199838,-7.144833
Ana Flores,24,1252 Alejandra Pike,Trevorberg,Nebraska,49264,-165.312260,63.0403975
Lisa Jordan,26,41596 Monique Pines Apt. 094,North Jamesland,Indiana,59276,-153.198674,43.0612685
Gregory Leblanc,50,27595 Jones Center,Moorechester,Hawaii,73852,-164.536740,-36.290702
Sara Wallace,71,984 Jeffrey Branch Suite 954,West Julie,Florida,27996,24.596307,-68.146971
Christina Adams,72,57757 Jones Junction Suite 939,Davidshire,Virginia,88499,133.321306,-41.854717
David Johnson,54,7323 Gates Junction Suite 084,Port Lori,Wisconsin,32365,143.238779,67.6174095
Heather Vaughan,57,4501 Miller View,Rhondaview,Oregon,81536,166.057255,-45.688032
Katherine Lane MD,20,361 Jessica Mountains,New Anthony,Pennsylvania,61175,-4.397248,63.4128385
Anthony Austin,62,0155 Foster Village,Anthonyton,Virginia,86876,65.064808,-29.917329
Bruce Peterson,56,48348 Tonya Hollow Apt. 882,Sarahburgh,Montana,61283,11.403925,-70.9590145
Robert Parker,38,95090 Zimmerman Dale Apt. 046,Port Christopher,Missouri,44759,27.716138,-32.7992435
William Mcdowell,61,8848 Darius Prairie Apt. 812,Bennetthaven,Louisiana,03172,169.165421,-41.477481
Margaret Orozco,22,56697 Chan Rapid,South Shaneton,Florida,45502,-179.525310,-28.0179545
Andrew Pitts,68,950 Martinez Throughway,West Taylorside,Kentucky,58825,147.715317,52.2475325
Dr. Dan Espinoza MD,55,25577 Michelle Extensions,West Anthony,Virginia,07542,-43.881707,-24.465374
Roger Dudley,18,22823 Shah Points Suite 971,Lauriemouth,North Dakota,42287,2.065538,32.365544
Cheyenne Walter,36,117 Lewis Plains,Lake Ericchester,Maine,23905,6.484859,37.5455105
Michael Solis,79,604 Mosley Ford Apt. 289,Adamland,Indiana,64228,167.195482,-76.860086
Mark Green,35,86784 Stewart Court Suite 044,East Eric,Missouri,16873,-129.833902,32.6914745
Kathy Estes,64,76646 Morgan Union Suite 576,New Cameronburgh,New Jersey,22152,0.676631,78.639711
Taylor Thomas,59,5308 Ashley Keys Apt. 658,Lynchborough,Alaska,93107,17.994165,0.9395865
James Scott,50,3284 Wolf Expressway,Port Lisabury,Virginia,51153,-94.756352,22.5246875
Craig Lewis,21,19721 Joshua Mission Apt. 796,New Paulahaven,Indiana,18677,-103.770058,-39.3271395
Ashley Meyer,43,52843 Lori Crescent,West Cindy,North Dakota,90993,17.320052,-33.6506845
Gabrielle Meza,44,84210 Cole Springs,Woodsside,South Dakota,96840,154.716785,-0.8820595
Dr. Jesus Stevenson,51,2056 Lawson Ferry,Christophertown,Kentucky,25983,-115.195837,-49.6023005
Brandon Bruce,42,1985 Alvarez Crossroad,Port Laurafurt,Arizona,49399,89.713117,31.5587845
Lorraine Howard,60,81975 Kimberly Plains Apt. 786,South Brandon,Illinois,47342,144.125000,-77.338294
Samantha Jones,40,43503 Frederick Locks Apt. 592,East Aaronbury,Tennessee,88092,165.593988,-83.6626785
Erika Evans,68,670 Robinson Underpass Suite 312,Port George,Mississippi,95061,30.662952,41.4652365
Ashley Reed,35,06356 Megan Camp Apt. 828,Lauraton,Nevada,03287,74.129302,-89.4936145
Aaron Anderson,61,025 Lloyd Curve,North Mary,California,50448,110.112627,-83.450054
Steven Waters,72,30369 Michael Lake,North Melanieburgh,Pennsylvania,18002,179.662824,83.553365
Ian Reyes,65,965 Mueller Ridges Apt. 642,South Kimberlyfort,South Carolina,45743,-25.656733,-81.873565
Albert Knight,64,888 Erin Way Suite 086,Port Brian,North Dakota,68498,-17.877135,-29.719119
Kevin Phillips,70,7335 Kristina Crossroad,North Aprilhaven,Illinois,16167,-24.566736,-43.605650
John Spears,36,339 Darlene Skyway Apt. 520,Johnmouth,Illinois,73789,10.438463,-78.252584
Edward Smith,26,67043 Zimmerman Circle Apt. 325,Lake Stephenshire,Idaho,58824,-64.802318,83.155475
David Perry,18,548 Johnson Ports,Deannamouth,Illinois,14253,23.391490,33.674225
Stephanie Marshall,18,2683 Mcintosh Trafficway Suite 894,Davidsonport,Nebraska,29969,-114.116516,62.9461115
Richard Harrison,63,49142 Harold Common Apt. 824,East Thomasland,Wyoming,39707,110.578569,-68.850307
Thomas Anderson,48,960 Brittany Branch,East Randyburgh,Rhode Island,82012,63.379594,16.503713
Joseph Mitchell,59,994 Vega Square Apt. 256,Charleshaven,South Dakota,98507,137.146030,89.3666775
Daniel Brown,29,4570 Mckay Island Suite 446,Port Larryshire,Georgia,44791,-173.585892,83.911596
Kayla Paul MD,69,491 Kyle Loop,East Nicholasborough,New Hampshire,91134,165.902851,86.5851525
Emily Richardson,40,7437 Adams Street,Hawkinsside,California,21238,-50.179419,30.8526615
Kerri Wallace,58,11308 Russell Meadows,Lopezbury,Maine,51813,-73.418058,-88.948400
Heather Weaver,25,9930 Grimes Meadows,East Aaron,New Jersey,54558,-45.704312,7.983815
Sean Trevino,46,11325 Walter Squares Apt. 452,New Tyronetown,Rhode Island,52474,44.365054,53.1806805
Jerry Miller,42,77346 Carpenter Land,Ginahaven,New Jersey,59301,-3.664909,86.9331385
Peter Wagner,24,3706 Angela Keys Apt. 794,Justinchester,North Carolina,58770,-127.881957,20.006850
Sharon Rose,22,87749 Jones Hills Suite 869,Rodgersbury,Oregon,13966,-121.164342,29.3668765
Carl Garza,28,672 Jesse Skyway Apt. 705,East Coreyfurt,Mississippi,70565,-152.754267,-12.384099
Mr. David Adams,46,7886 Jones Station Suite 935,North Angel,Massachusetts,35554,-78.899862,36.5502605
Thomas Ponce,52,9939 Mark Court Suite 472,Ritafort,Michigan,04926,-166.982536,-70.5224265
Robert Benjamin,33,5273 Walker Trail,East Devonmouth,Vermont,21860,-38.307953,-46.1617595
Riley Hayes,19,75707 Brenda Estate Apt. 645,East Lukebury,Colorado,90184,76.231228,16.790197
Jeffrey Massey,25,74280 Sabrina Mews Apt. 508,Connermouth,Delaware,38660,-154.594437,-64.120570
Sarah Cardenas,37,8855 Bryan Mission Apt. 859,Kristenbury,Georgia,24107,-99.119112,8.0532345
Jose Bates,50,857 Robles Curve,Hernandezfort,Utah,49940,121.462041,-38.6046235
Larry Morgan,20,8407 Mueller Stravenue,Kathleenshire,Connecticut,41371,127.988468,12.417304
Greg Duncan,80,629 Tyler Street Apt. 941,East Jenniferstad,Massachusetts,04038,-75.586652,9.2571725
Jacqueline Whitaker,48,190 Kelly Rue Suite 057,South Kathyview,Alabama,24052,41.384345,80.2123265
Jennifer Le,47,35469 Turner Crossroad Suite 222,Reginabury,Idaho,76059,-39.888078,22.575208
Sharon Harrison,41,622 William Port,Brownshire,Maryland,42978,142.687804,-58.8839995
Jeffery Poole,22,1746 Zachary Club Apt. 034,Bryantmouth,Wisconsin,66764,-140.481082,60.6505075
Joshua Werner,70,0692 Reilly Courts Suite 278,Payneport,Alabama,69828,-90.894690,38.128567
Brandon Fernandez,20,45046 Morales Corner Suite 231,Wongfurt,New Hampshire,87828,137.221023,-74.767654
Sean Hines,52,79321 Baxter Walk Apt. 325,Stonechester,North Dakota,43998,152.634464,-79.9638725
Christopher Nixon,21,25013 Tiffany Estates,North Bryanborough,Montana,96851,-149.147846,1.8115925
Kathleen Fowler,59,5616 Ray Extension Apt. 410,Janeport,Hawaii,46322,-3.159277,-13.4628485
Kevin Klein,69,474 Debra Glens Apt. 209,Lorettaland,New York,43233,16.242233,81.5084155
Andrew Davis,29,5856 Vega Views Apt. 548,New Jorgeberg,Michigan,76978,65.973135,-54.316139
Karen Green,65,87446 Terrence Key Suite 653,South John,New Jersey,30758,-135.232567,42.029857
Andrea Costa,70,27735 Jacob Lake Suite 721,New Denise,Indiana,77094,-83.058432,8.2970725
Rita Gonzalez,54,8558 Jessica Ridges,Port Joan,Maine,71655,-4.570747,57.403462
Christina Williamson,58,94345 Kimberly Gateway,North Marissafurt,New Mexico,72166,0.704312,-56.354873
James Evans,34,36703 Deborah Prairie,East Laurie,New Jersey,81050,-81.887643,-30.527094
Marcus Conrad,78,4729 Hannah Groves,New Lindaville,Colorado,29546,-19.140297,-44.5038205
Oscar Woods,67,19750 Lowe Plain,West Lindsey,Massachusetts,81908,-27.891824,27.2128475
Jennifer House,39,20469 Nicole Burgs,South Marisa,Pennsylvania,73588,-31.370408,40.5574425
Kathryn Todd MD,36,17023 Warren Isle Apt. 675,East Marcustown,Arizona,74157,-59.607798,45.251852
Erin Jackson,19,187 Williams Fort Suite 565,South Jonathanfurt,Kansas,31799,57.388446,23.408945
Wendy Ruiz,41,0361 Hess Trace Apt. 102,West Brianna,Rhode Island,17793,-21.422920,-31.343777
Steve Wilson,36,44522 Walters Drive,North Alicia,Washington,74061,-148.065099,-37.528021
Sarah Moore,64,4793 Cortez Orchard,Wandaberg,Wyoming,75398,41.611432,-23.2640055
Kevin Barnes,25,733 Crystal Pines,Ramseyland,Minnesota,46369,-124.355665,10.327170
Nicholas Carter,61,237 Taylor Vista,Grahambury,Michigan,66648,145.210354,10.092949
Jacob Smith,18,495 Adrian Flats,South Perryhaven,Michigan,69874,52.780354,-29.833600
Edward Thompson,76,6149 Antonio Dale Suite 339,South Paigeberg,Utah,79261,-74.191307,26.117143
Curtis Moore,63,8195 Stephen Streets,Hopkinsstad,Georgia,73923,23.532649,-21.183014
Ronald Ray,71,49989 Robert Court,Morrishaven,Oregon,78998,-94.098675,0.076207
Martin Davis,45,205 Rosales Orchard Suite 391,Lake Barbarastad,Colorado,64082,-89.771706,-4.4527885
Rhonda Garza,54,5797 Misty Ridges,Longmouth,North Carolina,69990,-170.895930,24.1500825
Donald Sanchez,19,445 Shelby Crescent Suite 557,Patrickstad,South Dakota,77626,-169.640042,-55.9486575
Joseph Anthony,42,6102 Todd Plain,Malloryberg,Arizona,76437,83.346056,28.3060745
Heather Wade,24,3444 Potts Mews Suite 352,Port Johntown,California,10904,-173.635438,63.1666035
Marie Taylor,26,9245 Jeffrey Squares Apt. 624,West Karenland,Texas,55586,20.767889,-55.3668135
Robert Lopez,21,2116 Torres Manor Apt. 402,New Brandon,Colorado,25040,49.569064,-43.986399
Eric Andrews,48,960 Herman Common,West Patriciashire,South Carolina,82684,-176.056949,-24.8214545
Nathaniel Lopez,64,93167 Gilbert Plaza,Port Mark,Nebraska,45145,-61.250603,63.574223
Michelle Lopez,34,8052 Richard Ports Suite 256,Christianfurt,Virginia,62430,128.399325,22.0510325
Amber Alexander,74,775 Cameron Parkways,Lake Danielland,Minnesota,99434,84.911426,-73.6291225
Dr. Aaron Stewart Jr.,52,97277 Christine Brooks Apt. 605,Lauraville,New Jersey,73270,-48.290509,43.9032855
Darrell Anderson,49,46366 Benson River,West Ronald,Alabama,42990,87.575238,-68.6269815
Daniel Ritter,69,0837 Natalie Isle,New Elizabeth,Montana,75264,169.066249,-38.507673
Steven Newman,29,4614 Steven Drive,New Bethanychester,Wisconsin,83399,47.765092,16.7118875
Karen Bullock,35,897 Andrew Landing,West Crystalborough,Indiana,21625,-97.324906,85.947441
Monica Butler,40,450 Stewart Gateway,Paigeborough,Utah,71795,170.174139,-86.8970895
Laura Gomez,73,2393 George Stravenue,Moorefurt,New York,79570,-18.456740,43.0934005
Wendy Miles,35,73685 Hill Road,Kellyburgh,Kentucky,48368,-179.817935,-25.769735
Virginia Scott,53,51946 Ramirez Vista,New Margaretmouth,Kentucky,78256,36.404694,-61.7178285
Heather Melton,72,1557 Jackson Field,West Alicia,Maine,79023,20.434530,84.3589575
Joshua Marshall,45,69332 Robert River Suite 817,New Mary,Alabama,37521,-111.006552,33.8912345
Charles Rogers,32,506 Jessica Crossing Suite 417,Troystad,Maryland,53140,4.539193,-7.232791
Janice Arroyo,23,29261 Tamara Unions,Nicholasmouth,Georgia,90546,18.859445,58.8390705
Samantha Nguyen PhD,70,103 Harmon Squares Apt. 721,Thomasland,North Dakota,77358,-64.028669,46.7783165
Cameron Wells,80,1020 Deanna Villages,Melissaburgh,Arkansas,69592,-149.126283,70.6612575
Peter Watkins,75,5816 Li Club Suite 401,Loriberg,Connecticut,22056,-0.696770,-65.877271
Philip Hart,61,9841 Hall Greens Suite 273,West Tinaberg,Alaska,56819,-75.728885,63.3626615
Ashley Farley,36,813 Smith Point,New Joshuafurt,South Carolina,51439,-122.828051,42.6825835
Nicholas Walker,50,011 Hood Lakes,Lake Deannastad,Utah,40006,150.669364,77.513504
Ms. Lisa Ramos,33,034 Jensen Road,Kimberlymouth,Colorado,11556,135.541729,-74.885245
Andrew Smith,48,5635 Scott Manor,North Paul,Arkansas,47280,-5.506037,47.5929395
Ann Morris,63,96033 William Summit Apt. 341,Colleenfurt,Nevada,83939,122.594423,45.5015375
Debbie Walls,46,3573 Avila Ferry Apt. 158,Samanthaport,Utah,56189,-27.814684,-59.7401415
Christine Oliver,29,1504 Matthew Stravenue,North Troy,Michigan,29602,76.566345,75.1372625
Robert Bates,24,570 Whitney Keys,Wilsonhaven,Rhode Island,45904,38.060421,23.040338
Tammy Bradley,36,6607 Guzman Square,East Katelynhaven,Pennsylvania,86146,-94.683213,77.355172
Eric Davis,57,96080 Alexandra Rapid Apt. 685,Deanberg,Connecticut,70860,-163.780163,32.7469085
Christopher Cole,53,473 Danielle Union Apt. 532,East Bruce,Alaska,01155,-60.552843,60.5632445
William Thompson,25,5754 Porter Pass,West Williammouth,Wisconsin,92877,52.945757,75.7749725
Miranda White,55,13143 Francis Via Apt. 602,Lake Davidtown,Alaska,85498,29.440871,3.891150
Taylor Simmons,23,06986 Lopez Corner,Danielleshire,Idaho,27343,-117.772609,-87.542156
Kenneth Chambers,22,973 Dominguez Ranch Apt. 230,East Billy,Maryland,96491,69.926790,-79.623925
David Baxter,34,7330 Clark Squares Suite 623,Port Angela,Washington,43511,-107.582271,16.239762
Ann Logan,29,7324 Green Fords,Anntown,Louisiana,21659,-172.135523,9.127101
Dana Smith,48,00287 Paige Burgs Apt. 683,Baileyland,New Jersey,64952,67.458879,23.918920
Suzanne Garcia,64,956 Christine Locks,Walkermouth,Texas,10453,17.679178,35.599239
Brenda Martinez,60,41341 Robert Mission,Port Amyshire,Washington,45649,115.216902,-47.5109095
Sarah Robinson,38,929 Michelle Viaduct,South Elizabethland,Ohio,96280,55.787281,56.266205
Anthony Sherman,32,6584 Myers Lakes,North Davidview,Oregon,61615,15.892277,36.202704
Christina Mcguire,46,76508 Miranda Lock,Browntown,Illinois,30821,-39.582976,-61.819474
Jacqueline Graves,55,67878 Perez Station Suite 117,Brownview,Maine,93756,-49.576220,6.752260
Michael Luna,22,052 Mccarty Mews Suite 067,Palmermouth,California,92515,122.223681,-40.0160735
Virginia Anthony,80,7478 Cordova Club,Kennethmouth,Wisconsin,05763,-8.813112,51.581303
Aaron Smith,51,76568 Joann Gateway Apt. 088,Hardyburgh,Kansas,25719,-119.473754,52.973920
Allen Baldwin,39,2350 Davis Plain,New Albertfurt,Kentucky,47684,71.401268,11.216926
James Hughes,70,94658 Lopez Creek,Zacharyshire,North Carolina,99483,101.756996,-48.248355
Trevor Rose,38,0077 Joel Stream Suite 725,Frostberg,Alaska,50777,49.262646,-1.1480565
Dr. Brandon Soto Jr.,62,8914 Charles Street Apt. 039,Austinchester,Arizona,67252,148.554106,9.945009
Margaret Zimmerman,37,467 Summers Well Apt. 146,Margaretchester,Wyoming,12516,-103.696997,45.0444245
Laurie Hogan,25,246 Patricia Lake,West Tonystad,Kansas,02732,-124.071011,-21.848070
Joshua Perkins,74,668 Benjamin Plaza,North Paulport,Oregon,70556,45.330016,-79.926776
Mr. Tony Mcintyre,69,42887 Michelle Brook Apt. 186,East John,Iowa,75214,105.000157,65.363328
David West,42,8086 Schaefer Skyway Suite 477,Petersmouth,Ohio,76140,-26.935793,45.6710845
Benjamin Pruitt,32,2127 Hopkins Summit Suite 249,South Heather,Montana,68103,160.709352,56.8799435
Robert White,38,8038 Pamela Stravenue,North Nicholaston,South Carolina,84469,-72.545456,60.515545
Rachel Fields,58,61938 Anderson Meadows Apt. 948,West Christina,Colorado,86341,141.897887,33.036871
Brandon Crosby,73,1339 Saunders Square Suite 119,South Scott,South Dakota,54875,59.379637,78.8912205
Katelyn Potter,18,16339 Erik Forks,Turnermouth,Michigan,77221,14.905985,-27.5753625
Angela Edwards,24,2473 Gabrielle Underpass,Port Daleville,Minnesota,94540,177.608977,-16.599287
Karen Foster,21,1703 Hannah Stream Apt. 349,South Erikaland,Nevada,58033,114.279057,7.816879
Alexander Hodge,80,554 Ellis Drive Suite 605,New Jason,Vermont,63608,122.691203,20.756810
Collin Paul,25,085 Roberts Bypass Suite 799,Davidshire,Louisiana,90204,160.206797,15.5762945
Sean Blevins,76,443 Blankenship Hill,East Collinmouth,Arizona,71033,37.202673,47.978886
Brittney Adkins,40,2459 Carrie Vista,New Taylorshire,Montana,38518,60.732322,13.252613
Laura Ramirez,46,9063 Martin Circle,Ruizville,Massachusetts,09617,-55.956382,-79.924034
Amy Bennett,43,0063 Gonzalez Field Apt. 466,New Darleneton,Oregon,61272,-125.414710,-27.552703
Chad Knox MD,36,362 William Burg,East Elizabethview,Colorado,46728,-52.792555,-23.209492
Jeffrey Yang,50,5015 Miles Orchard,Josephside,West Virginia,79936,1.803475,-51.0487165
Chase Ellis,80,5240 Wright Locks,Blackbury,Missouri,13217,-49.118669,-59.190078
Adam Thomas,19,2925 Jennifer Prairie,East Patriciamouth,South Dakota,33839,111.205218,-14.422208
Tina Thomas,62,7579 Steve Haven,Velasquezfort,Louisiana,61769,-65.440320,70.074311
Angela Mcdaniel,23,77090 Caroline Village Apt. 341,North John,West Virginia,18332,31.064995,7.6256155
Laura Donovan,80,9998 Catherine Ramp Suite 385,Brownburgh,Wyoming,97903,20.890672,21.847286
Jason Franco,29,0151 Kathryn Mission Suite 809,East Edward,Montana,50514,130.664259,-56.2953035
Courtney Walker,53,088 Cynthia Orchard,North Bethtown,Wisconsin,75208,-5.940071,-63.4127835
Christopher Skinner,67,72634 Matthew Point Suite 904,Laurafurt,Kentucky,38114,62.101823,9.438134
Bryan Pena,71,8302 Jason Mill Suite 892,North Kathleenburgh,Pennsylvania,31598,-62.602132,-42.382989
Sydney Maxwell,45,51597 Zuniga Corners Apt. 116,Port Shannon,Oregon,89242,-141.797371,-86.5943725
Frank Moore,44,38224 Garcia Drives,East Aaronton,New Mexico,66106,-18.582741,-11.6125375
David Brown,74,9386 Robbins Village,Parkertown,Colorado,09044,-85.490020,-13.514134
Kevin Hunt,68,151 Hernandez Flats Suite 336,New Miguel,Rhode Island,22499,85.801008,7.7118285
Anthony Zamora,48,6204 Melendez Prairie Apt. 609,Scottstad,Kansas,32887,99.722091,64.739610
Tara Charles,24,614 Robert Roads,Atkinsburgh,Louisiana,95657,-27.474604,-51.9797575
Jack Johnson,69,8679 Kathryn Meadow,Lake Nicolefort,New York,36970,-115.838268,-68.707486
Sarah Jones,60,757 Blanchard Curve,Port Mollytown,Louisiana,96954,158.104889,-21.023116
Stacey Ortiz,30,3799 Elizabeth Land,Port Helenbury,Utah,80046,92.076564,-6.3936205
Daniel Wallace,42,8363 Ann Ridges Suite 128,Port Dylan,Alaska,81421,160.084359,-65.9579285
Jeffrey Foster,23,439 Jason Expressway,South Andrewton,Nebraska,54458,-106.205652,-28.5498105
Lisa Vaughn,22,86430 Anderson Hollow,South Patriciaburgh,Alaska,31901,-156.154375,-11.359946
Jordan Olsen,72,3428 Brenda Gardens Suite 947,Port Theodore,Illinois,25494,97.157515,80.7326425
Dale Holmes MD,61,048 Gallagher Avenue,Randyville,Maryland,92907,41.702072,7.357859
Kristi Short,25,62356 Tiffany Port Apt. 573,Timothyview,New York,71268,-173.365685,-3.462544
Sean Cunningham,64,362 Mary Ferry Suite 599,Lake Michaelhaven,Maryland,23447,161.174300,-81.5227395
Ana Jordan,28,1799 Desiree Corners Apt. 876,Moraleston,Wyoming,59787,-53.965735,48.817744
Anthony Hunt,49,89259 Boyle Light Apt. 722,Port Brittany,Idaho,26948,-19.518872,-49.4473775
Victor Smith,21,86448 Emily Ramp Suite 459,Lake Victoria,Oklahoma,73451,18.700529,18.732457
Amy Smith,61,1096 Johnston Stream Apt. 300,Smithstad,Nebraska,28725,73.946957,-30.597113
Andrew King,43,941 Casey Shore,South Anthony,Arizona,15083,93.655502,47.0477725
Kathleen Nash,46,229 Ryan Lane Suite 229,Lake Ericport,Alaska,52856,-63.389161,-70.214579
Cheryl Torres,31,3770 Hurley Vista,Kevinfort,Mississippi,52578,4.671966,-8.9168435
David Johnson,51,003 Jenkins Knolls,West Anthony,Kentucky,15213,-146.553813,-79.552926
David Avery,69,91501 Wyatt Hollow,West Wayneville,Montana,50278,48.669707,15.6866425
Taylor Banks,66,98901 Kayla Heights,South Jennifer,Tennessee,89561,-178.470966,-41.759339
Rita Herrera,45,556 Ward Trail,East Russellfort,Virginia,96914,142.957531,-49.382821
Mark Johnson,79,93314 Patel Crossing,West Joshua,Oklahoma,11663,-119.886399,83.7426405
Jacob Hill,33,38732 Ryan Ferry,Davidland,South Dakota,57607,-82.716076,-54.2294685
Darrell Craig,49,72946 Hoffman Village Suite 518,Smithberg,Hawaii,22850,-144.606722,-60.153588
Jason Hancock,35,728 Carter Place,Lake Joannside,Hawaii,87905,-154.219829,-61.262100
Tammy Conner,62,88103 Bishop Knoll Apt. 941,Warrenville,Delaware,98879,25.532644,52.6707545
Katrina Olson,22,8923 York Green,East Sandra,Pennsylvania,10778,-28.997914,88.791609
Phillip Moreno,36,60750 Hernandez Spring,Marthaland,Arizona,80434,70.055945,-45.184081
William Ferguson,33,74571 Brandon Parkways,Lake Wendyhaven,South Carolina,39605,23.472476,18.2859925
Dennis Smith,60,126 Young Place,North Anita,New Hampshire,83042,-31.259124,53.4910895
Debbie Floyd,37,23349 Farrell Port Suite 288,Port Juliefort,Maine,04517,95.825803,18.8642885
Samantha Lin,43,960 Jerry Club,South Aaron,Kentucky,91347,-49.669064,-62.531515
Jill Howard,26,8320 Brown Valley Apt. 618,Port Meghanmouth,Mississippi,73371,-17.533437,51.511266
Dennis Compton,64,092 Ryan Corner Suite 208,Hunterburgh,Montana,61240,173.195965,59.969443
Melissa Watts,50,16483 Scott Canyon Suite 808,Murphytown,Georgia,43952,17.309001,-41.6651505
James Myers,37,039 Kim Crest,Lake Anneburgh,Oregon,07663,170.765553,13.5242245
Julia Moss,49,52073 Kline Shoals,Veronicaview,Wyoming,21423,105.777936,35.6109225
Henry Delgado,42,66266 Erickson Green Suite 410,Thomasstad,Massachusetts,62577,168.246181,52.253335
Cole Lam,68,794 Pena Courts Suite 107,Port Johnland,Delaware,15437,-78.443816,-2.842668
Jessica Colon,74,719 Lori Roads,Thomasport,California,66201,-134.156066,14.957811
Mary Smith,20,37266 White Forks,Chapmanfort,Florida,30156,52.333691,-10.172517
Sean Horne,58,5087 Heather Prairie Apt. 650,Nixonland,Idaho,20121,175.114024,73.553274
Robert Golden,42,860 Farrell Underpass Apt. 982,Nicolasville,Arizona,92492,62.270574,-61.607754
Zachary Robinson,57,9366 Salazar Manor,Wilsonville,Tennessee,12519,-150.743402,3.1747535
Gary Knight,50,537 Teresa Mountains,Lake Linda,South Dakota,85265,137.442210,-24.4572925
Eric Woods,40,3255 Christopher Falls Suite 594,North Sheri,New York,97629,-22.465891,71.391880
Daniel Bennett,50,874 Dana Plaza Apt. 750,South Mark,Arizona,88820,44.212443,74.2223915
Jeffrey Clark,63,37488 Christopher Course,North Daniel,Massachusetts,13883,3.182846,57.9343505
Brandi Branch,23,413 Velasquez Brooks,Fosterbury,Virginia,76785,98.294845,-13.364291
Linda Williams,25,954 Riley Field,West Catherineside,North Dakota,53615,135.570937,15.902074
Carla Hull,25,45215 Hahn Camp Apt. 495,North Danielburgh,Missouri,58024,-163.134090,-70.7185255
Abigail Harris,68,44098 Steven Lodge,Palmerside,New Mexico,15198,-3.259343,22.869886
Aaron Jones,42,829 Sarah Knoll Suite 880,West Aprilborough,Delaware,80854,22.180874,-72.006835
Robert Hale,18,70918 Cantrell Harbors Apt. 656,South Katelyn,Utah,64811,-135.148899,-55.317957
Casey Gomez,71,02421 Sanchez Bypass Suite 888,New Heatherside,Montana,43518,-35.566256,17.0409095
Monica Mayo,61,6499 Adam Center,Valdezshire,New Mexico,93291,-66.596852,-29.2350905
Alexander Soto,59,399 Anderson Hill Suite 832,Hallville,Oregon,25143,162.439192,38.8088755
Breanna Conner,26,271 Michael Key,Nguyenland,Arkansas,05386,-159.059875,-66.3728595
Christopher Ruiz,25,116 Washington Village,North Jeffreyfort,Minnesota,55152,152.741080,-71.1469925
Megan Sims,48,683 Smith Run Apt. 891,Ryanshire,Virginia,38781,103.773290,-62.4146675
Michael Dalton,76,2069 Dustin Key,Boydmouth,Oklahoma,21274,-89.525668,7.799515
Christine Hull,58,7735 Thompson Walk Apt. 409,Claireport,New Hampshire,07902,-131.683507,78.1830935
Tracy Lindsey,53,58215 Barbara Tunnel,West Kenneth,Washington,22231,167.036095,-71.053453
Rebecca Riggs,62,04451 Williams Vista,Shannonbury,Massachusetts,64019,-144.892416,-8.1960765
Joseph Burke,32,9396 Jared Highway,Michaelville,Kansas,49650,-4.369673,53.978044
Tina Johnson,24,247 Weaver Manor,West Jason,Iowa,46214,58.765786,-28.449936
Brenda Smith,56,980 Bailey Corner,Fraziermouth,Oklahoma,41049,71.194988,-42.7284675
Jessica Strong,52,76355 Sarah Roads Suite 192,North Sandra,New York,67735,-4.221296,34.2661465
Mrs. Heather Hays PhD,31,2248 Claudia Branch Apt. 988,Jonesport,North Dakota,62899,130.722125,70.8361385
Jennifer George,44,050 Lisa Villages Suite 235,Port Codymouth,Mississippi,47758,-138.938002,82.416508
Noah Norris,43,7528 Strong Forge Apt. 357,Huffport,Georgia,68305,95.046705,4.539799
Mary Macdonald,25,71650 Golden Points,Kellyburgh,Georgia,25323,112.490960,-51.3756395
Melissa Norman,42,82331 Watson Crescent,West Scottfort,New Jersey,53690,129.384389,22.8978485
George Ward,52,348 Sharp Glens Suite 933,Lake Jessicaview,Ohio,07783,-35.301287,75.897035
Lauren Young,62,9819 Charles Valley Suite 157,West Julieside,West Virginia,01017,77.210208,44.555024
Dylan Hunt,46,33402 Melissa Drives Apt. 149,Rebekahfort,Wisconsin,96793,95.515817,-66.954527
Eric Sullivan,75,1965 Teresa Roads,Andrewsfort,Iowa,86266,-10.746606,29.892163
Deborah Fisher,80,3949 Miller Village,Courtneybury,Wisconsin,51238,134.125081,-21.7079925
Steven Walker,29,62687 Lee Field Suite 277,East Laurastad,Vermont,96907,27.666696,-6.697239
Dennis Peterson,49,485 Alvarado Fork Apt. 555,Gonzalezfort,Colorado,75214,22.995650,-22.8369115
Tyler Kirk,20,102 Marc Lock Suite 275,Leside,Maine,03396,-68.873906,-82.9291985
Kendra Hughes,79,09527 Stephanie Station Apt. 605,Ryanside,Idaho,96347,-80.046767,78.1249135
Justin Lawrence,64,7274 Olivia Crest Suite 408,North Ianmouth,Tennessee,97107,86.741255,-75.785772
Brenda Riley,27,15201 Teresa Estates Apt. 393,Loriburgh,Virginia,15706,159.666657,5.6584215
Betty Gomez,31,59071 Richard Estate Suite 611,Burchville,Delaware,42965,-142.320002,8.2851045
Tina Harris,60,8966 Mccullough Garden,West Matthew,Hawaii,05787,52.123169,-11.549072
Joshua Miller,25,45032 Vega Island,West Elizabethside,Virginia,69885,25.777205,-4.540412
Bill Nguyen,65,647 Bridges Lane Apt. 878,Elliottmouth,Indiana,38354,-31.568985,54.1795725
Nicholas Neal,76,07648 Wilkerson Terrace,Colefurt,Arkansas,78212,-58.015133,36.9855395
Patrick Smith,30,451 Penny Route Suite 766,West Cindy,Rhode Island,11468,166.594307,-58.9476645
David Brady,57,9907 Joshua Parkways Apt. 095,North Matthew,Minnesota,86267,12.717041,11.8111215
Nathan Harper,45,008 Harrison Wells,North Jacob,Rhode Island,63680,35.010334,-23.6686975
Thomas Hamilton,28,450 Garcia Pass Apt. 180,North Heatherbury,Nevada,42739,18.548059,-22.011582
Kristin Barnes,70,4541 Tiffany Creek,Mitchellmouth,New Jersey,73506,-19.514881,-12.392016
Russell Graham,75,8271 Trevino Fields,Port Timothy,Maine,42776,-124.937854,55.090371
Sharon Webb,22,045 Smith View Suite 534,North Steven,Minnesota,82480,-53.658413,35.141234
Keith Gonzalez,78,272 Yang Springs,Bryantfurt,Washington,37485,-108.236328,-46.8496835
Austin Cook,24,95924 Ryan Hollow Suite 147,Port Jorge,Texas,13480,78.477826,27.343330
Joseph Jimenez,45,768 Kenneth Valleys,Ingramhaven,Kansas,32370,177.684579,-44.385568
Maria Jones,41,8360 Wallace Lodge Suite 132,North Victor,Alaska,85183,-177.287118,-24.513606
Toni Garner,29,5415 Clark Field Apt. 617,North Rickyborough,Connecticut,01743,55.750389,-6.454273
Craig Gonzalez,57,89620 Green Plaza Suite 371,Lake Larry,New Jersey,75974,133.860734,-18.527446
Lindsey Frederick,55,784 Kent Ramp Apt. 695,Robertmouth,Iowa,30046,36.746022,-29.960562
Rebecca Preston,28,813 Yang Way,Lake John,Illinois,41911,-83.168395,-22.2242345
Gail Butler,37,36378 Christine Club,South Theresastad,Maine,80774,153.287990,59.4564465
Taylor Rhodes,36,38498 Donna Springs Suite 077,Port Cory,Vermont,77319,-74.593307,-11.533777
Susan Wagner,35,93104 Blake Ramp,New Patriciaport,Ohio,65632,26.826841,-4.590511
Jessica Parker,57,209 Sanders Park Suite 129,East Amandaland,Kansas,34741,157.437086,88.786003
Sarah Soto,75,6110 Yates Ports Apt. 874,Gabrielaview,New York,14785,113.068134,-70.0700935
Karen Lowe,30,41921 Harrison Corner,Hannahmouth,New Hampshire,26817,-64.140774,87.679021
Mrs. Beth Alvarado MD,36,5052 Stewart Square Suite 705,Port Tyronechester,Indiana,52829,-37.522322,-65.2066335
Brenda Fisher,77,10493 Tanner Ports Apt. 367,Port Cheyenne,Georgia,20168,-137.755647,88.609601
Melanie Perry,19,3094 Hardy Plaza Suite 661,Lake Paultown,Washington,55177,-94.228023,59.668150
Scott Richards,72,534 Edward Causeway Suite 016,Lake Frankbury,Delaware,80056,-135.367268,63.648171
Justin Gardner,39,186 Anderson Trafficway Apt. 923,Molinastad,Illinois,56981,47.363058,35.683453
Kathryn Klein,44,258 Rachel Stream Suite 081,Carterhaven,New Hampshire,02437,179.406571,29.6831435
James Williams,78,0590 Jones Turnpike,Port Erin,Virginia,92146,-126.808709,33.447373
Tammy Christensen,73,72727 Brenda Mountains Apt. 298,East Lauratown,New York,63171,85.967522,5.596717
Brian Phillips,46,220 James Walk Suite 836,Port Tamaraborough,South Dakota,99594,-120.250417,-64.6813805
Loretta Romero,42,753 Stuart Extensions Suite 696,Leonardview,Texas,82916,-92.807842,63.069642
Karen Spencer,72,400 Ballard Port Suite 515,Melindahaven,Nebraska,76571,27.393088,-13.352648
Eric Carter,39,0916 Boyer Shoals Apt. 280,South Willieburgh,Florida,88020,-155.044130,40.324786
Tabitha Diaz,46,21048 Ford Tunnel Apt. 982,Gomezside,Illinois,58792,-120.301929,-35.8913385
Debra Ballard,46,905 Guzman Lock,Port Stephenbury,Arizona,11519,45.356837,53.7662515
Linda Bowman,73,736 Garrison Centers Suite 599,Lake Taraberg,Illinois,10078,-92.334413,38.1555745
Edwin Cruz,39,718 Patton Grove,East Paul,New York,48835,34.001032,-88.7836905
Michael Wilson,21,056 Sue Roads Apt. 658,New Maria,Idaho,21860,72.085642,-59.761548
Daniel Ramirez,42,90720 Wesley Ramp Apt. 796,West Brittanytown,Arizona,07165,-135.267593,-48.9643805
Gregory Mayer,63,56629 Gonzales Prairie Suite 295,Westmouth,Missouri,06096,-120.381540,22.683884
Summer Harris,40,65287 Hughes Lakes,West Robert,Hawaii,96830,-95.195345,21.2261595
Carl Curtis,34,2698 Kelly Overpass,North Davidtown,South Carolina,91206,44.157602,-53.3610305
Corey Barber,29,20515 Perry Row,Tylerchester,Idaho,70060,-173.056464,-63.1970605
Larry Matthews,76,219 Ochoa Parkways,South Justin,South Carolina,08401,-138.194357,37.363143
Cynthia Ferguson,64,6531 Katie Dam,Port Jefffort,Maryland,09974,27.656800,73.4138275
Mandy Rush,75,2301 Karen Forges Apt. 817,Taylorberg,Nevada,47483,162.463568,-71.016063
Audrey Bray,44,8465 Smith Locks,Rodneybury,Iowa,71195,96.212222,-3.8290605
Stuart Cunningham,24,562 Bell Land,Elizabethfurt,Mississippi,13428,-43.395865,-15.2187455
Jeremy Brown,18,60161 Wilson Plaza Suite 989,West Jefferyton,New Jersey,82826,156.163856,-7.4211155
Audrey Powell,36,9018 Calvin Spring,Stuartside,South Carolina,24493,39.085505,-77.7674115
Kristen Melendez,51,517 Chambers Station Apt. 827,East Michael,Maryland,69137,-77.400470,-89.339551
Robert Carr,26,29688 Alexis Walk Apt. 877,Port Ryan,Nebraska,62040,-77.291886,-7.645992
John Stephens,73,3122 Harris Freeway,Valerieport,New York,68336,14.071297,-67.6021195
Manuel Ramirez,32,003 Morgan Estate,Andrewstad,Vermont,39447,-167.894077,81.430625
Cynthia Fox,22,61794 Derrick Dam,Williamschester,Arkansas,46609,15.281748,84.046829
John Wade,78,978 Paula Ranch,New Michael,Vermont,79221,-161.517665,59.173943
Julie Owens,79,6211 Chad Extensions,Lake Richard,Oregon,01316,-2.670587,20.0838845
Susan Brown,26,60233 Christine Union,Obrienhaven,Kentucky,79960,-141.924254,-15.869319
Nancy Stevens,70,109 Kevin Row,South Whitney,Hawaii,81309,64.196375,35.361652
Michael Freeman,23,71273 Briggs Light Suite 069,Dennisberg,New Jersey,83004,-133.958260,15.6717015
Brian Jennings,55,28476 Russell Isle Suite 876,Rebeccachester,South Carolina,87036,-40.304986,-24.167610
Sarah Kline,66,590 Tanya Courts,Baileyberg,Nebraska,31669,161.184287,-85.513320
Emma Gonzalez,76,66129 Gardner Lodge Suite 111,Wademouth,Vermont,88669,90.728347,16.4435155
John Potter,48,167 Jones Burg Suite 406,New Alec,Hawaii,94650,-110.862866,-19.009490
Christopher Hogan,80,29606 Thomas Circle Suite 205,South Chadmouth,Maryland,19155,139.678107,62.061026
Crystal Pope,41,417 Solis Island,Sabrinaburgh,Nevada,31980,173.443433,84.313006
William Huang,69,283 Turner Garden,Juliahaven,Indiana,38175,-72.211498,67.850082
Hannah Guzman,74,7746 Daniel Well,North Scottberg,Texas,37920,-104.535055,20.9792915
Tiffany Williams,69,984 Richardson Springs Apt. 352,West Michael,New Hampshire,53370,-78.177080,35.3617755
Autumn Kelly,25,0354 Heather Port,Wheelerstad,Maryland,88695,-133.788767,-45.120970
Paul Jones,69,1902 Jimmy Village Apt. 249,Lake Jeffreyberg,Wisconsin,28555,-175.020242,-60.902206
Alexis Greer,52,989 Deborah Hill,Brandonborough,Arizona,39688,39.712563,86.8146245
Sharon Young,38,21572 Elizabeth Mountains,Anthonyborough,Virginia,26082,-114.997820,-45.7370515
Patrick Thornton,57,1641 Wilson Viaduct,Matthewburgh,North Dakota,01985,54.983770,31.5905895
Andrew Davis,79,292 Lucas Rapids,Port Crystal,New York,98909,49.340590,41.754254
Colin Castillo,20,1952 Johnson Pines,Newtonfort,Oklahoma,30158,-165.970834,50.2765025
Mr. Jorge Mitchell,55,44465 Woods Turnpike Suite 722,South Brandon,California,06196,-56.139210,14.854158
Rodney Salas,51,2260 Joseph Fords,North Danielborough,Louisiana,75599,-109.129764,78.571597
Emma Johnson,43,593 Snyder Branch,West Brittany,Iowa,92124,36.266085,-45.2326755
Sergio Shaffer,20,941 Green Land Apt. 545,Johnsonchester,California,26233,-55.336248,80.6710135
Peter Olson,67,106 Compton Road Suite 030,Port Courtney,Michigan,68653,51.728860,59.5109605
Michelle Mack,79,9585 Joyce Flats Apt. 511,New Jacob,Iowa,56343,52.676896,67.607050
Elizabeth Fox,20,234 Liu Meadow Suite 739,South Karen,South Dakota,94067,6.073812,89.307022
Jason Jones,80,390 Banks Fall Apt. 818,Lake Stephanie,New Hampshire,40218,128.807067,-12.933722
Karen Duffy,71,8701 Mcconnell Trail Suite 356,North Joannemouth,Alabama,79672,-63.314255,36.700488
Nicole Cannon,31,4589 Alexander Road,New Tara,Michigan,78177,-54.590609,59.7342085
Meghan Miranda,24,4325 Jennifer Stravenue Suite 081,New Carla,Missouri,39430,99.369510,-84.889614
Steve Green II,47,07785 Merritt Mews Apt. 725,North Jessica,Wyoming,92866,138.495322,-55.1575465
Chelsea Johnson,43,58524 Flores Stravenue,West Robert,Washington,02487,-151.301894,88.0116655
Crystal Hoffman,52,6171 Crawford Centers,Port Cynthiahaven,Indiana,80641,134.200993,-6.017850
Gregory Cox,69,475 Nathan Extension,Acostaview,Mississippi,18570,42.315483,50.8061625
Sarah Vincent,52,2946 Yesenia Estates,Lindatown,Colorado,19511,-56.473041,-2.530525
Sharon Dougherty,62,67431 Fry Prairie,Hoopershire,Arizona,03951,-24.007037,14.214621
Elizabeth Williams,64,59503 Nicholas Park,New Danielchester,New Mexico,64114,20.819864,16.7712365
Phillip Thompson,32,434 Richard Port Suite 004,Lake Ashley,Texas,57474,58.712929,-80.9920495
David Anderson,79,147 Robert Rue,Thomasland,Louisiana,11699,100.117428,52.854687
Paul Meyer,70,5842 Mccoy Light Apt. 742,Lake Peter,Louisiana,78572,-7.292646,-78.1280445
Justin Mercado,58,95119 Carroll Ports,Port Jessica,Oregon,75780,154.571572,-67.3011155
Stacey Brown,52,1118 Peterson Court,Lake Brady,Minnesota,89553,90.172781,23.433183
Shelly Meyer,36,349 Michael Flat,Martinezborough,Montana,61211,81.550525,-39.5273645
Danielle Castro,57,836 Smith Islands Apt. 707,Griffinfort,Pennsylvania,74532,139.982751,18.065220
Brittany Smith,56,231 Michael Crossroad,New Kathy,Nevada,51895,95.423311,76.277890
Sonya Fuentes,20,542 Mckenzie Rapid Apt. 232,East Laurafort,Texas,78750,-15.947097,-88.2494695
Juan Archer,40,861 Natalie Island Apt. 700,North Joseph,Alabama,09635,-57.808519,-59.4948185
Barbara Freeman,53,6883 Pamela Glens,Maryhaven,Virginia,59764,-14.206235,-1.332917
Michael Carlson,48,384 Doyle Village,Amyborough,Ohio,90808,-13.714539,-13.643375
Andrew Lawrence,63,1563 Schultz Gateway,Eugeneberg,Maryland,05706,-1.991999,-78.389529
Howard Miller,48,48347 Powell Avenue Suite 500,Salinashaven,South Carolina,56702,-33.965983,-61.454863
Suzanne Richards,46,4919 Brent Burg,New Leslieland,Montana,16161,-86.160330,21.910812
Sheila Harper,44,624 Ortiz Causeway,Port Courtney,Rhode Island,94753,-126.576939,-57.734420
Diamond Wallace,37,5102 Thompson Walk Suite 900,Quinnshire,Kansas,67545,141.187080,-7.984991
Valerie Terry,33,69967 Jackson Glen Suite 918,East Natasha,Georgia,87299,146.906279,-78.7885405
Wanda Daniels,73,00313 Joseph Row Suite 505,Lake Ashleyberg,Missouri,57993,166.113515,-32.083074
Kathryn Rodriguez,25,8017 Coleman View,Dillonside,Minnesota,59641,69.815817,51.4481245
Diana Gordon,45,3817 Glover Point Suite 043,Port Leslieshire,Missouri,33393,-39.948402,89.0281475
Jesse Bryant,57,207 Adams Trail,South Zachary,Missouri,36857,-168.028518,76.3072225
Emily Bernard,27,46092 Eric Center Apt. 381,Snyderbury,Virginia,01532,-139.713742,35.827453
Kathryn Norman,49,644 Lopez Harbors Suite 215,Williamsview,Missouri,58858,-35.748696,-30.937900
Julia Barnes,31,9983 Miles Mountain,Berryview,Utah,35929,113.651809,66.8581585
Tammie Gonzalez,40,194 Tracey Viaduct Apt. 774,Ryanburgh,South Carolina,54303,-45.334706,34.558879
Monica Payne,51,1217 Michele Dale Suite 219,New Kevinfurt,Wyoming,19466,44.219425,-5.9483565
Tracey King,65,560 Sandra Throughway,Tanyashire,Texas,16564,90.563971,-55.647241
Dr. Jeffrey Hood Jr.,22,760 Romero Viaduct Suite 250,New Brenda,Louisiana,27430,-21.480809,-11.420309
Carla Smith,59,26550 Horne Expressway Apt. 820,Webbstad,Oklahoma,96175,-152.082686,-17.669330
Richard Torres,28,1913 Nathan Forest,South Matthewland,Ohio,26294,100.145328,-14.298765
Kenneth Maldonado,60,40110 Robin Prairie,Debratown,Massachusetts,40896,-7.128299,1.8414225
Robert Ellis,73,571 Patton View,East Timothy,Massachusetts,11971,9.453660,-2.0819665
Robert Park,68,3347 Bryan Ferry Suite 680,North Kevin,Kentucky,71850,173.173516,-39.9333025
Clarence Vincent,20,16936 John Isle,West Rebecca,Vermont,55959,-171.006615,-43.4477825
Michael Fletcher,80,78470 Stephanie Ridge,Michaelfort,Colorado,76655,-161.838196,71.7217425
Mary Hutchinson,40,6109 Fields Hill,Josephside,North Dakota,86302,-127.194973,67.7326435
Matthew Bell,37,6965 Andres Highway Apt. 700,West Annaberg,Wyoming,59955,152.510774,-66.823282
Ricardo Taylor,24,361 Ramirez Centers Apt. 500,East Zacharyhaven,Arkansas,01187,-8.270509,-5.5688925
Alexander Malone,53,996 David Port Apt. 009,North Samantha,California,45674,93.111758,50.504898
Julie Ortega,44,587 Huff Hollow,Kevinstad,New Mexico,81555,47.010513,52.3885225
Amber Hodge,60,71981 Travis Street Apt. 719,Michelebury,Florida,03872,-32.586770,-79.985217
Robert Moyer,80,1515 Morris Common Suite 504,Lake Darrenland,Louisiana,42070,-78.764706,74.6088085
Debra Davis,76,840 Tommy Common Suite 637,Crosbyhaven,Montana,82892,-35.586445,-13.9180815
Elizabeth Romero,19,59937 Perry Light,Boyerborough,Maryland,41546,153.446766,-6.2926215
Travis Powell,64,5054 John Walk Apt. 830,Lake Mary,Arkansas,72081,13.547936,22.642921
William Peterson,58,67270 Jackson Views Apt. 808,Haydenstad,Utah,89955,-8.745674,12.0686255
Steven Roberts,24,666 Kevin Track Apt. 449,East Yvetteton,Hawaii,13317,177.397297,80.629174
Crystal Huerta,71,94816 Mary Lodge Suite 800,Collinsstad,Connecticut,26780,-133.049234,50.9927005
Peter Simon,57,644 Robinson Extension Suite 555,Wutown,Ohio,54132,34.103457,37.811032
Kelsey Reyes,58,04445 John Junctions Suite 314,Lake Timothy,Tennessee,21424,-47.678024,-14.1256345
Kim Miller,45,9156 Rodriguez Rapids,Port Kylemouth,Pennsylvania,63323,-117.235511,-62.2014525
Joseph Camacho,34,817 Lucas Mall Suite 421,Port Jeremyburgh,California,10489,59.040853,56.744003
Tammy Moore,23,88405 Galvan Lights,Lake Stephenmouth,Missouri,51321,55.208396,5.0024045
Dustin Ruiz,34,959 Strickland Turnpike,Bakerfort,Washington,03327,-12.508369,67.4997475
Kiara Jordan,80,3930 John Ports Apt. 941,Emilyport,Pennsylvania,87539,-139.747569,-66.0697525
Joanne Bauer,33,628 Russell Locks,Christinefurt,New Jersey,04308,159.314299,54.608311
Suzanne Dyer,23,8110 Brianna Center,Harrisshire,Vermont,18796,-151.343716,21.2281305
Linda Booker,73,94197 Stewart Gardens Suite 289,Gatesshire,Mississippi,80705,142.808991,56.3985755
Robert Chavez,39,144 Johnson Cape,East Erin,Nevada,94525,117.519513,16.8824385
Tricia Rodgers,37,84238 Rodriguez Estate,Seanmouth,Michigan,52753,103.170864,-46.3572925
Lisa Smith,73,438 Jennifer Parks Suite 193,North Tracy,Connecticut,69614,-138.467399,72.259220
Sandra Todd,62,996 Darius Course Apt. 715,North Matthew,Texas,92383,-38.538984,-74.673622
Danielle Rivera,66,5380 Atkins Crossroad,East Renee,New Hampshire,07811,164.427257,58.9862075
Tim Waters,78,38815 Elizabeth Centers Suite 803,Coxside,Rhode Island,11318,36.707019,7.8026755
Katelyn Stevens,46,68340 Danielle Place Suite 515,Parrishchester,Pennsylvania,51749,-90.726454,10.1377185
Samuel Newman,31,004 Tracy Curve Suite 896,West Michael,Kansas,24570,69.363527,-57.5410935
Todd Huang,25,9096 Stephanie Falls Apt. 406,Shermanview,Florida,29992,32.211942,-85.700774
Douglas Chan,31,677 Wheeler Centers Apt. 648,Hermanmouth,North Carolina,57334,-52.609459,2.8356995
George Johnson,28,178 Jeremiah Divide Apt. 451,Smithmouth,Iowa,05659,126.442827,-60.475979
John Adams,35,36164 Clark View,North Valerieview,Montana,08954,7.377787,-0.9135705
Emily Thomas,73,6787 Christopher Vista Apt. 455,East Catherine,Wisconsin,70962,-88.583949,-69.733015
Hayley Francis,56,49930 Jessica Falls Suite 699,Port Raymond,Oklahoma,11777,-108.754404,51.2721085
Kaylee Kelley,74,45587 Angela Wells,Alanton,Colorado,26903,-35.275382,-48.2641145
Amanda Carpenter,45,995 Beth Hollow Apt. 749,West Julie,Arkansas,88537,84.238641,38.0013975
Justin Pierce,23,14332 Vaughan Heights,Danielberg,Alabama,20217,-171.459657,57.724400
Jacob Cross,35,487 Emma Stream,Youngburgh,Pennsylvania,91880,-169.131370,-85.791278
Stephanie Harris,59,383 Booker Inlet Suite 653,Josephview,Tennessee,82463,39.467357,-39.560338
Kara Mckinney,65,9453 Chapman Grove,West Pattytown,North Carolina,95903,142.842118,55.856959
Seth Mcdonald,77,8850 Kent Centers,East Jeffreyside,Alaska,16404,-142.899542,45.3959575
Donna Reyes,41,025 Humphrey Pine Apt. 263,Grayfurt,Maine,11078,-77.257207,-88.683749
Donald Meyer,33,6741 Burgess Trafficway,Bushhaven,Illinois,32260,-152.885375,-56.3611085
Amy Stone,53,92898 Hines Manors,Poolemouth,Tennessee,75774,-31.623353,-78.9677345
Renee Mueller,79,2395 Watts Field,Franciscohaven,Massachusetts,73022,100.594908,-47.1626215
Ronald Molina,19,3817 Gloria Summit,North Shelbyside,Florida,33062,6.909748,47.3539415
Nathan Mills,56,564 Taylor Freeway Apt. 437,Port Nicole,Minnesota,67434,65.158475,-86.9775275
Andrea Bowen,39,56171 Bailey Ville Suite 470,East Jonbury,Missouri,78277,129.668942,23.0079105
James White,35,96522 Martin Mall Suite 320,East Christopher,Iowa,84750,-8.046322,7.345237
Garrett Carr,67,10923 Allen Way Apt. 955,Manuelland,Alaska,23394,-176.605985,-23.0773245
William Hickman,22,6633 Kari Orchard Suite 369,Andrewstad,Kentucky,14501,-51.953166,-80.174585
Richard Moss,44,21676 Kari Shoals Suite 728,Clineville,Alaska,08449,38.866608,-15.675263
Christian Jones,78,82597 Bernard Light,Christinetown,Ohio,12725,-179.200382,-76.5332255
Elizabeth Manning,76,92528 Peterson Burgs Apt. 464,Ginaland,Virginia,86285,103.712441,58.244733
Jason Hill,18,2392 Heather Forges,North Patrick,Colorado,22611,-158.445073,-44.727038
Joshua Harris,62,4008 Jerry Parks Suite 896,West Misty,Wisconsin,74756,-48.533313,62.3423585
Michael Lane,31,7569 Ronald Trail,Marshallville,Connecticut,43217,-144.554703,-2.6386445
Mr. Lee Briggs,29,175 Barrett Rapids Suite 385,Michelleport,Arkansas,64544,-133.787408,15.2400885
Chad Caldwell,19,1405 Espinoza Pike,East Victoriachester,Indiana,88853,2.933859,-37.2715795
Barbara Campbell,73,92510 Smith Cove Suite 720,Jenniferville,Florida,27302,-32.330216,77.8959535
Ashley Allen,30,448 Watkins Hollow Suite 168,Shariview,Mississippi,34680,46.585460,29.1343505
Krista Davis,71,26094 Andrew Avenue Apt. 618,Summerbury,Tennessee,73289,81.865454,-69.0277765
Kelly Decker,55,98463 Monica Garden,Hernandeztown,Nevada,84421,-88.651205,18.4780755
Christina Bennett,47,2794 Olsen Junction Suite 411,Lukemouth,Virginia,81835,-12.477466,41.359177
Jordan Vasquez,72,95062 Michelle Valley,West Ericmouth,Oklahoma,44042,-108.836919,4.3318055
Nicholas Leach,68,698 Martin Villages Apt. 590,Dannystad,Iowa,74403,-0.087644,-49.403351
Erica Tucker,62,973 Perkins Corners,Alicialand,New Jersey,83212,-33.809647,-20.3679785
Toni King,33,3665 Richard Expressway Suite 725,New Lauren,Maryland,36070,-61.225681,4.838356
Keith Brown,52,2740 Meagan Club Suite 466,Lauraton,Idaho,08251,0.523920,72.644783
Michael Porter,28,46579 Jones Land,Sheilamouth,Indiana,12625,90.252120,40.441984
Alexander Guzman,19,7558 Karen Shoal Apt. 838,North Christopherfurt,Texas,09457,132.891550,-36.637952
Mario Walker,19,4287 Timothy Spur,Port Brandon,Mississippi,28566,-75.819096,65.3478065
Nancy Wilson,49,614 Moore Neck Suite 620,Port Sandraside,California,42020,-141.624905,80.8819995
William Lambert,60,1900 Jackie Drive,West Nicholas,Georgia,18930,-50.479771,-64.8780525
Katherine Johnson,68,469 Alfred Rapids Apt. 309,Stephentown,California,91876,-80.344793,80.460288
Laurie Mcneil,26,48551 Lopez Mountains Suite 992,Brianfort,Connecticut,61777,-15.670490,16.5752105
Jennifer Hicks,69,646 Donna Fork Suite 751,Rileyside,Oregon,47652,-71.342271,-48.7413935
Kelly Williams,77,89316 Wallace Freeway,New Robert,West Virginia,44265,33.892256,35.4302525
Kellie Nguyen,39,244 Blackburn Avenue Apt. 921,Port Melissaton,New Hampshire,94654,134.500508,9.408923
Shawn Lara,76,430 Burke Corners,Port Jennifertown,Arkansas,18122,8.037386,-18.121570
John Conner,76,22491 Henry Drive Apt. 389,East Michaelborough,Connecticut,61272,0.366085,-9.673139
Brian Gordon,22,86281 Meyer Pines Suite 823,Morganfurt,Virginia,80689,46.917320,-37.128354
Regina Phelps MD,34,72261 Floyd Corner Suite 130,South Tamara,Iowa,62524,88.045079,88.6886065
Stacy Rios,28,350 Patricia Parkways,East Jamesstad,Arkansas,70025,172.576674,51.178544
Stephen Cannon,29,2039 Mills Bypass Suite 311,Jamesland,Kansas,32242,-136.580556,-19.9714315
Courtney Clark,32,041 Lin Oval,Jeremyland,South Carolina,73078,115.118803,-14.975125
Barbara Dean,75,989 Luna Forest,West Johnton,Idaho,19739,-70.537395,-24.088080
Martin Garcia,63,624 Natalie Meadows,New Tyler,Illinois,16870,-145.004024,54.555922
Jamie Sawyer,23,956 Linda Hill,Scotthaven,Vermont,83929,-60.728803,49.1464155
James Clarke,56,0546 Hayes Parkway Suite 399,North Beverly,Minnesota,59457,-12.411429,64.767945
Alison Howell,73,949 Owens Mall Apt. 656,West Seth,Oregon,18548,-109.579542,-71.130990
Diana Morgan,28,404 Weiss Roads,North Roymouth,New Jersey,42749,-27.186912,54.2151675
Travis Hardy,66,387 Jared Rapids Suite 115,Ashleyshire,Maryland,73144,-103.037706,51.849324
Sara Doyle,65,0661 Stanton Fort Suite 099,Port Ashleyburgh,California,37099,-67.318067,78.3548645
Joseph Lee,57,741 William Spurs,New Heiditown,Missouri,25331,-143.500155,86.2589265
Colleen Serrano,80,134 Ronald Hill,Kellymouth,South Carolina,28113,48.979385,52.9514535
Brittany Sawyer,62,54027 Jose Mission Apt. 157,East Benjaminmouth,Idaho,40914,-90.350973,-82.697134
Megan Haas,35,337 Robin Forges,Autumnborough,Connecticut,95793,168.788834,7.1287915
Leroy Underwood,70,94257 Kenneth Walks Apt. 281,Walkerburgh,Michigan,89555,60.821078,33.9596045
Candace Macdonald,45,0053 Griffin Locks Suite 358,South Lisamouth,Kentucky,47845,19.638738,85.309933
Keith Nguyen,72,2085 Debra Meadows,Adrianfurt,Idaho,63768,76.518301,5.669587
